,,,,,,,,MSAG  Services,,,,,,,Fund Code,FSX0,SSX0,SBTP,FMDC,FDUA,SMDC,SDUA,SUNI,SGMB,SCFD,SEMR,FXAO,FMCO,FSX0,SSX0,SBTP,FMDC,FDUA,SMDC,SDUA,SUNI,SGMB,SCFD,SEMR,FXAO,FMCO,,,,
,,,,,,,,,,,,,,,Benefit Package,FSX0,SSX0,SBTP,FMDC,FDUA,SMDC,SDUA,SUNI,SGMB,SCFD,SEMR,FXAO,FMCO,FSX0,SSX0,SBTP,FMDC,FDUA,SMDC,SDUA,SUNI,SGMB,SCFD,SEMR,FXAO,FMCO,,,,
,,,,,,,,,,,,,,,Mapset,MFS,MSS,MSB,MFM,MFD,MSM,MSD,MSU,MSG,MSC,MSE,MFX,MFC,MFS,MSS,MSB,MFM,MFD,MSM,MSD,MSU,MSG,MSC,MSE,MFX,MFC,,,,
,,,,,,,,,,,,,,,,Covered Services,,,,,,,,,,,,,Pre-Authorization Required,,,,,,,,,,,,,,Claim Form,,
Service Type,Auth Class,Eff Date,Term Date,Rev/HCPCS/CPT,MODIFIER 1 ,MODIFIER 2,MODIFIER 3,Add On Code,MODIFIER 1 ,MODIFIER 2,MODIFIER 3,Service Description,Coverable Dx Category ,Open Dx,Place of Service,"X02/X03

Federally Funded","X02/X03

State Funded","Baltimore Project 

State Funded

","Medicaid 

Federally Funded","Medicare/Medicaid

Federally Funded","Medicaid 

State Funded","Medicare/Medicaid (SLMB and QMB)
State Funded","Uninsured

State Funded","Gambling 

State Funded","Crisis 

State Funded","Emergency Petition
(Uninsured Consumers)
State Funded",X02/X03 Auth Only,"Courtesy Reviews
(Auth Only)
 ","X02/X03

Federally Funded","X02/X03

State Funded","Baltimore Project 

State Funded

","Medicaid 

Federally Funded","Medicare/Medicaid

Federally Funded","Medicaid 

State Funded","Medicare/Medicaid (SLMB and QMB)
State Funded","Uninsured

State Funded","Gambling 

State Funded ","Crisis 

State Funded","Emergency Petition
(Uninsured Consumers)
State Funded",X02/X03 Auth Only,"Courtesy Reviews
(Auth Only)

 ",Send Auth Request to:,UB04,HCFA 1500,
Inpatient Services,IPF,,,"0101, 0114, 0124, 0134, 0154, 0169",,,,,,,,HSCRC,MH,,"21, 51, 56, 99",Yes,No,No,Yes,Yes,Yes,Yes,No,No,No,No,Yes,Yes,Yes,N/C,N/C,Yes,Yes,Yes,Yes,N/C,N/C,N/C,N/C,Yes,Yes,Carelon BH,X,,
,IPF,,,"0101, 0114, 0124, 0134, 0154, 0169",,,,,,,,HSCRC,SUD,,"21, 51, 55, 56, 99",No,No,No,Yes,Yes,Yes,Yes,No,No,No,No,No,Yes,N/C,N/C,N/C,Yes,Yes,Yes,Yes,N/C,N/C,N/C,N/C,N/C,Yes,Carelon BH,X,,
"Residential Treatment
Covered for ages 0-20",RTC,,,0100,,,,,,,,Residential Treatment Center (for children under age 21),MH,,"21, 51, 56",No,No,No,Yes,Yes,Yes,No,No,No,No,No,No,Yes,N/C,N/C,N/C,Yes,Yes,Yes,N/C,N/C,N/C,N/C,N/C,N/C,Yes,Carelon BH,X,,
"Residential ICF-A 
Covered for ages 0-20",RTC,,,0100,,,,,,,,Residential ICF-A (for children under age 21),SUD,,55,No,No,No,Yes,Yes,Yes,No,No,No,No,No,No,Yes,N/C,N/C,N/C,Yes,Yes,Yes,N/C,N/C,N/C,N/C,N/C,N/C,Yes,Carelon BH,X,,
Residential IMD Services,RTC,,,RESRB,,,,,,,,Room and Board - Residential Services,SUD,,"54, 55",No,Yes,No,No,No,Yes,Yes,Yes,No,No,No,Yes,Yes,N/C,Yes,N/C,N/C,N/C,Yes,Yes,Yes,N/C,N/C,N/C,Yes,Yes,Carelon BH,,X,
,RTC,,,RESRB,GA,,,,,,,Room and Board - Residential Services,GAM,,"54, 55",No,No,No,No,No,No,No,No,Yes,No,No,No,No,N/C,N/C,N/C,N/C,N/C,N/C,N/C,N/C,Yes,N/C,N/C,N/C,N/C,Carelon BH,,X,
,RTC,,,RESRB,HG,,,,,,,Room and Board - Residential Services,SUD,,"54, 55",No,Yes,No,No,No,Yes,Yes,Yes,No,No,No,Yes,Yes,N/C,Yes,N/C,N/C,N/C,Yes,Yes,Yes,N/C,N/C,N/C,Yes,Yes,Carelon BH,,X,
,RTC,,,RESRB,HG,GA,,,,,,Room and Board - Residential Services ,GAM,,"54, 55",No,No,No,No,No,No,No,No,Yes,No,No,No,No,N/C,N/C,N/C,N/C,N/C,N/C,N/C,N/C,Yes,N/C,N/C,N/C,N/C,Carelon BH,,X,
,RTC,,,W7310,,,,,,,,Level 3.1 Daily Billing,SUD,,"54, 55",No,Yes,No,Yes,Yes,Yes,Yes,Yes,No,No,No,Yes,Yes,N/C,Yes,N/C,Yes,Yes,Yes,Yes,Yes,N/C,N/C,N/C,Yes,Yes,Carelon BH,,X,
,RTC,,,W7310,GT,,,,,,,Level 3.1 Daily Billing - Telehealth,SUD,,"54, 55",No,Yes,No,Yes,Yes,Yes,Yes,Yes,No,No,No,Yes,Yes,N/C,Yes,N/C,Yes,Yes,Yes,Yes,Yes,N/C,N/C,N/C,Yes,Yes,Carelon BH,,X,
,RTC,,,W7310,HG,,,,,,,Level 3.1 Daily Billing,SUD,,"54, 55",No,Yes,No,Yes,Yes,Yes,Yes,Yes,No,No,No,Yes,Yes,N/C,Yes,N/C,Yes,Yes,Yes,Yes,Yes,N/C,N/C,N/C,Yes,Yes,Carelon BH,,X,
,RTC,,,W7310,GA,,,,,,,Level 3.1 Daily Billing,GAM,,"54, 55",No,No,No,No,No,No,No,No,Yes,No,No,No,No,N/C,N/C,N/C,N/C,N/C,N/C,N/C,N/C,Yes,N/C,N/C,N/C,N/C,Carelon BH,,X,
,RTC,,,W7310,HG,GA,,,,,,Level 3.1 Daily Billing,GAM,,"54, 55",No,No,No,No,No,No,No,No,Yes,No,No,No,No,N/C,N/C,N/C,N/C,N/C,N/C,N/C,N/C,Yes,N/C,N/C,N/C,N/C,Carelon BH,,X,
,RTC,,,W7330,,,,,,,,Level 3.3 Daily Billing,SUD,,"54, 55",No,Yes,No,Yes,Yes,Yes,Yes,Yes,No,No,No,Yes,Yes,N/C,Yes,N/C,Yes,Yes,Yes,Yes,Yes,N/C,N/C,N/C,Yes,Yes,Carelon BH,,X,
,RTC,,,W7330,GT,,,,,,,Level 3.3 Daily Billing - Telehealth,SUD,,"54, 55",No,Yes,No,Yes,Yes,Yes,Yes,Yes,No,No,No,Yes,Yes,N/C,Yes,N/C,Yes,Yes,Yes,Yes,Yes,N/C,N/C,N/C,Yes,Yes,Carelon BH,,X,
,RTC,,,W7330,UB,,,,,,,Level 3.3 Daily Billing,SUD,,"54, 55",No,Yes,No,Yes,Yes,Yes,Yes,Yes,No,No,No,Yes,Yes,N/C,Yes,N/C,Yes,Yes,Yes,Yes,Yes,N/C,N/C,N/C,Yes,Yes,Carelon BH,,X,
,RTC,,,W7330,GA,,,,,,,Level 3.3 Daily Billing,GAM,,"54, 55",No,No,No,No,No,No,No,No,Yes,No,No,No,No,N/C,N/C,N/C,N/C,N/C,N/C,N/C,N/C,Yes,N/C,N/C,N/C,N/C,Carelon BH,,X,
,RTC,,,W7330,GA,GT,,,,,,Level 3.3 Daily Billing,GAM,,"54, 55",No,No,No,No,No,No,No,No,Yes,No,No,No,No,N/C,N/C,N/C,N/C,N/C,N/C,N/C,N/C,Yes,N/C,N/C,N/C,N/C,Carelon BH,,X,
,RTC,,,W7330,GA,UB,,,,,,Level 3.3 Daily Billing,GAM,,"54, 55",No,No,No,No,No,No,No,No,Yes,No,No,No,No,N/C,N/C,N/C,N/C,N/C,N/C,N/C,N/C,Yes,N/C,N/C,N/C,N/C,Carelon BH,,X,
,RTC,,,W7330,HG,,,,,,,Level 3.3 Daily Billing,SUD,,"54, 55",No,Yes,No,Yes,Yes,Yes,Yes,Yes,No,No,No,Yes,Yes,N/C,Yes,N/C,Yes,Yes,Yes,Yes,Yes,N/C,N/C,N/C,Yes,Yes,Carelon BH,,X,
,RTC,,,W7330,HG,GA,,,,,,Level 3.3 Daily Billing,GAM,,"54, 55",No,No,No,No,No,No,No,No,Yes,No,No,No,No,N/C,N/C,N/C,N/C,N/C,N/C,N/C,N/C,Yes,N/C,N/C,N/C,N/C,Carelon BH,,X,
,RTC,,,W7350,,,,,,,,Level 3.5 Daily Billing,SUD,,"54, 55",No,Yes,No,Yes,Yes,Yes,Yes,Yes,No,No,No,Yes,Yes,N/C,Yes,N/C,Yes,Yes,Yes,Yes,Yes,N/C,N/C,N/C,Yes,Yes,Carelon BH,,X,
,RTC,,,W7350,GT,,,,,,,Level 3.5 Daily Billing - Telehealth,SUD,,"54, 55",No,Yes,No,Yes,Yes,Yes,Yes,Yes,No,No,No,Yes,Yes,N/C,Yes,N/C,Yes,Yes,Yes,Yes,Yes,N/C,N/C,N/C,Yes,Yes,Carelon BH,,X,
,RTC,,,W7350,UB,,,,,,,Level 3.5 Daily Billing,SUD,,"54, 55",No,Yes,No,Yes,Yes,Yes,Yes,Yes,No,No,No,Yes,Yes,N/C,Yes,N/C,Yes,Yes,Yes,Yes,Yes,N/C,N/C,N/C,Yes,Yes,Carelon BH,,X,
,RTC,,,W7350,GA,,,,,,,Level 3.5 Daily Billing,GAM,,"54, 55",No,No,No,No,No,No,No,No,Yes,No,No,No,No,N/C,N/C,N/C,N/C,N/C,N/C,N/C,N/C,Yes,N/C,N/C,N/C,N/C,Carelon BH,,X,
,RTC,,,W7350,HG,,,,,,,Level 3.5 Daily Billing,SUD,,"54, 55",No,Yes,No,Yes,Yes,Yes,Yes,Yes,No,No,No,Yes,Yes,N/C,Yes,N/C,Yes,Yes,Yes,Yes,Yes,N/C,N/C,N/C,Yes,Yes,Carelon BH,,X,
,RTC,,,W7350,HG,GA,,,,,,Level 3.5 Daily Billing,GAM,,"54, 55",No,No,No,No,No,No,No,No,Yes,No,No,No,No,N/C,N/C,N/C,N/C,N/C,N/C,N/C,N/C,Yes,N/C,N/C,N/C,N/C,Carelon BH,,X,
,RTC,,,W7370,,,,,,,,Level 3.7 Daily Billing,SUD,,"54, 55",No,Yes,No,Yes,Yes,Yes,Yes,Yes,No,No,No,Yes,Yes,N/C,Yes,N/C,Yes,Yes,Yes,Yes,Yes,N/C,N/C,N/C,Yes,Yes,Carelon BH,,X,
,RTC,,,W7370,GT,,,,,,,Level 3.7 Daily Billing - Telehealth,SUD,,"54, 55",No,Yes,No,Yes,Yes,Yes,Yes,Yes,No,No,No,Yes,Yes,N/C,Yes,N/C,Yes,Yes,Yes,Yes,Yes,N/C,N/C,N/C,Yes,Yes,Carelon BH,,X,
,RTC,,,W7370,UB,,,,,,,Level 3.7 Daily Billing,SUD,,"54, 55",No,Yes,No,Yes,Yes,Yes,Yes,Yes,No,No,No,Yes,Yes,N/C,Yes,N/C,Yes,Yes,Yes,Yes,Yes,N/C,N/C,N/C,Yes,Yes,Carelon BH,,X,
,RTC,,,W7370,HG,,,,,,,Level 3.7 Daily Billing,SUD,,"54, 55",No,Yes,No,Yes,Yes,Yes,Yes,Yes,No,No,No,Yes,Yes,N/C,Yes,N/C,Yes,Yes,Yes,Yes,Yes,N/C,N/C,N/C,Yes,Yes,Carelon BH,,X,
,RTC,,,W7370,SC,,,,,,,Level 3.7 Daily Billing,SUD,,"54, 55",No,Yes,No,Yes,Yes,Yes,Yes,Yes,No,No,No,Yes,Yes,N/C,Yes,N/C,Yes,Yes,Yes,Yes,Yes,N/C,N/C,N/C,Yes,Yes,Carelon BH,,X,
,RTC,,,W7375,,,,,,,,Level 3.7WM Daily Billing,SUD,,"54, 55",No,Yes,No,Yes,Yes,Yes,Yes,Yes,No,No,No,Yes,Yes,N/C,Yes,N/C,Yes,Yes,Yes,Yes,Yes,N/C,N/C,N/C,Yes,Yes,Carelon BH,,X,
,RTC,,,W7375,GT,,,,,,,Level 3.7WM Daily Billing - Telehealth,SUD,,"54, 55",No,Yes,No,Yes,Yes,Yes,Yes,Yes,No,No,No,Yes,Yes,N/C,Yes,N/C,Yes,Yes,Yes,Yes,Yes,N/C,N/C,N/C,Yes,Yes,Carelon BH,,X,
,RTC,,,W7375,UB,,,,,,,Level 3.7WM Daily Billing,SUD,,"54, 55",No,Yes,No,Yes,Yes,Yes,Yes,Yes,No,No,No,Yes,Yes,N/C,Yes,N/C,Yes,Yes,Yes,Yes,Yes,N/C,N/C,N/C,Yes,Yes,Carelon BH,,X,
,RTC,,,W7375,HG,,,,,,,Level 3.7WM Daily Billing,SUD,,"54, 55",No,Yes,No,Yes,Yes,Yes,Yes,Yes,No,No,No,Yes,Yes,N/C,Yes,N/C,Yes,Yes,Yes,Yes,Yes,N/C,N/C,N/C,Yes,Yes,Carelon BH,,X,
,RTC,,,W7375,SC,,,,,,,Level 3.7WM Daily Billing,SUD,,"54, 55",No,Yes,No,Yes,Yes,Yes,Yes,Yes,No,No,No,Yes,Yes,N/C,Yes,N/C,Yes,Yes,Yes,Yes,Yes,N/C,N/C,N/C,Yes,Yes,Carelon BH,,X,
,RTC,,,W7375,51,,,,,,,Level 3.7WM Daily Billing,SUD,,"54, 55",No,Yes,No,Yes,Yes,Yes,Yes,Yes,No,No,No,Yes,Yes,N/C,Yes,N/C,Yes,Yes,Yes,Yes,Yes,N/C,N/C,N/C,Yes,Yes,Carelon BH,,X,
Residential Services - WC/CP,RTC,,,W7310,CP,,,,,,,Level 3.1 Daily Billing - (C-APC) Procedure,SUD,,"54, 55",No,No,No,Yes,Yes,Yes,Yes,Yes,No,No,No,No,Yes,N/C,N/C,N/C,Yes,Yes,Yes,Yes,Yes,N/C,N/C,N/C,N/C,Yes,Carelon BH,,X,
,RTC,,,W7310,HG,CP,,,,,,Level 3.1 Daily Billing - (C-APC) Procedure,SUD,,"54, 55",No,No,No,Yes,Yes,Yes,Yes,Yes,No,No,No,No,Yes,N/C,N/C,N/C,Yes,Yes,Yes,Yes,Yes,N/C,N/C,N/C,N/C,Yes,Carelon BH,,X,
,RTC,,,W7310,WC,,,,,,,Level 3.1 Daily Billing -Women and Children,SUD,,"54, 55",No,No,No,Yes,Yes,Yes,Yes,Yes,No,No,No,No,Yes,N/C,N/C,N/C,Yes,Yes,Yes,Yes,Yes,N/C,N/C,N/C,N/C,Yes,Carelon BH,,X,
,RTC,,,W7310,HG,WC,,,,,,Level 3.1 Daily Billing -Women and Children,SUD,,"54, 55",No,No,No,Yes,Yes,Yes,Yes,Yes,No,No,No,No,Yes,N/C,N/C,N/C,Yes,Yes,Yes,Yes,Yes,N/C,N/C,N/C,N/C,Yes,Carelon BH,,X,
,RTC,,,W7330,WC,,,,,,,Level 3.3 Daily Billing -Women and Children,SUD,,"54, 55",No,Yes,No,Yes,Yes,Yes,Yes,Yes,No,No,No,Yes,Yes,N/C,Yes,N/C,Yes,Yes,Yes,Yes,Yes,N/C,N/C,N/C,Yes,Yes,Carelon BH,,X,
,RTC,,,W7330,WC,GT,,,,,,Level 3.3 Daily Billing -Women and Children,SUD,,"54, 55",No,Yes,No,Yes,Yes,Yes,Yes,Yes,No,No,No,Yes,Yes,N/C,Yes,N/C,Yes,Yes,Yes,Yes,Yes,N/C,N/C,N/C,Yes,Yes,Carelon BH,,X,
,RTC,,,W7330,WC,UB,,,,,,Level 3.3 Daily Billing -Women and Children,SUD,,"54, 55",No,Yes,No,Yes,Yes,Yes,Yes,Yes,No,No,No,Yes,Yes,N/C,Yes,N/C,Yes,Yes,Yes,Yes,Yes,N/C,N/C,N/C,Yes,Yes,Carelon BH,,X,
,RTC,,,W7330,HG,WC,,,,,,Level 3.3 Daily Billing -Women and Children,SUD,,"54, 55",No,Yes,No,Yes,Yes,Yes,Yes,Yes,No,No,No,Yes,Yes,N/C,Yes,N/C,Yes,Yes,Yes,Yes,Yes,N/C,N/C,N/C,Yes,Yes,Carelon BH,,X,
,RTC,,,RESRB,HG,WC,,,,,,Room and Board - Daily Billing - Women and Children,SUD,,"54, 55",No,Yes,No,No,No,Yes,Yes,Yes,No,No,No,Yes,Yes,N/C,Yes,N/C,N/C,N/C,Yes,Yes,Yes,N/C,N/C,N/C,Yes,Yes,Carelon BH,,X,
,RTC,,,RESRB,WC,,,,,,,Room and Board - Daily Billing - Women and Children,SUD,,"54, 55",No,Yes,No,No,No,Yes,Yes,Yes,No,No,No,Yes,Yes,N/C,Yes,N/C,N/C,N/C,Yes,Yes,Yes,N/C,N/C,N/C,Yes,Yes,Carelon BH,,X,
,RTC,,,W7350,CP,,,,,,,Level 3.5 Daily Billing - (C-APC) Procedure,SUD,,"54, 55",No,Yes,No,Yes,Yes,Yes,Yes,Yes,No,No,No,Yes,Yes,N/C,Yes,N/C,Yes,Yes,Yes,Yes,Yes,N/C,N/C,N/C,Yes,Yes,Carelon BH,,X,
,RTC,,,W7350,CP,GT,,,,,,Level 3.5 Daily Billing - (C-APC) Procedure,SUD,,"54, 55",No,Yes,No,Yes,Yes,Yes,Yes,Yes,No,No,No,Yes,Yes,N/C,Yes,N/C,Yes,Yes,Yes,Yes,Yes,N/C,N/C,N/C,Yes,Yes,Carelon BH,,X,
,RTC,,,W7350,CP,UB,,,,,,Level 3.5 Daily Billing - (C-APC) Procedure,SUD,,"54, 55",No,Yes,No,Yes,Yes,Yes,Yes,Yes,No,No,No,Yes,Yes,N/C,Yes,N/C,Yes,Yes,Yes,Yes,Yes,N/C,N/C,N/C,Yes,Yes,Carelon BH,,X,
,RTC,,,W7350,HG,CP,,,,,,Level 3.5 Daily Billing - (C-APC) Procedure,SUD,,"54, 55",No,Yes,No,Yes,Yes,Yes,Yes,Yes,No,No,No,Yes,Yes,N/C,Yes,N/C,Yes,Yes,Yes,Yes,Yes,N/C,N/C,N/C,Yes,Yes,Carelon BH,,X,
,RTC,,,W7330,CP,,,,,,,Level 3.3 Daily Billing - (C-APC) Procedure,SUD,,"54, 55",No,Yes,No,Yes,Yes,Yes,Yes,Yes,No,No,No,Yes,Yes,N/C,Yes,N/C,Yes,Yes,Yes,Yes,Yes,N/C,N/C,N/C,Yes,Yes,Carelon BH,,X,
,RTC,,,W7330,CP,GT,,,,,,Level 3.3 Daily Billing - (C-APC) Procedure,SUD,,"54, 55",No,Yes,No,Yes,Yes,Yes,Yes,Yes,No,No,No,Yes,Yes,N/C,Yes,N/C,Yes,Yes,Yes,Yes,Yes,N/C,N/C,N/C,Yes,Yes,Carelon BH,,X,
,RTC,,,W7330,CP,UB,,,,,,Level 3.3 Daily Billing - (C-APC) Procedure,SUD,,"54, 55",No,Yes,No,Yes,Yes,Yes,Yes,Yes,No,No,No,Yes,Yes,N/C,Yes,N/C,Yes,Yes,Yes,Yes,Yes,N/C,N/C,N/C,Yes,Yes,Carelon BH,,X,
,RTC,,,W7330,HG,CP,,,,,,Level 3.3 Daily Billing - (C-APC) Procedure,SUD,,"54, 55",No,Yes,No,Yes,Yes,Yes,Yes,Yes,No,No,No,Yes,Yes,N/C,Yes,N/C,Yes,Yes,Yes,Yes,Yes,N/C,N/C,N/C,Yes,Yes,Carelon BH,,X,
,RTC,,,RESRB,CP,,,,,,,Room and Board Daily Billing - (C-APC) Procedure,SUD,,"54, 55",No,Yes,No,No,No,Yes,Yes,Yes,No,No,No,Yes,Yes,N/C,Yes,N/C,N/C,N/C,Yes,Yes,Yes,N/C,N/C,N/C,Yes,Yes,Carelon BH,,X,
,RTC,,,RESRB,HG,CP,,,,,,Room and Board Daily Billing - (C-APC) Procedure,SUD,,"54, 55",No,Yes,No,No,No,Yes,Yes,Yes,No,No,No,Yes,Yes,N/C,Yes,N/C,N/C,N/C,Yes,Yes,Yes,N/C,N/C,N/C,Yes,Yes,Carelon BH,,X,
Partial Hospitalization,PH1,,,0912,,,,,,,,Partial Hospitalization - Full Day,MH,,"21, 22, 52, 99",No,No,No,Yes,Yes,Yes,Yes,No,No,No,No,No,No,N/C,N/C,N/C,Yes,No,Yes,No,N/C,N/C,N/C,N/C,N/C,N/C,Carelon BH,X,,
,PH1,,,0912,,,,,,,,Partial Hospitalization - (Hosp Based),SUD,,"21, 22, 52, 99",No,No,No,Yes,Yes,Yes,No,No,No,No,No,No,No,N/C,N/C,N/C,Yes,No,Yes,N/C,N/C,N/C,N/C,N/C,N/C,N/C,Carelon BH,X,,
,PHP,,,S0201,,,,,,,,Partial Program - Non-Hospital Based,MH,,"11, 21, 22, 52, 53, 99",No,No,No,Yes,Yes,Yes,Yes,No,No,No,No,No,No,N/C,N/C,N/C,Yes,Yes,Yes,Yes,N/C,N/C,N/C,N/C,N/C,N/C,Carelon BH,,X,
,PHP,,,S0201,GT,,,,,,,Partial Program - Non-Hospital Based - Telehealth,MH,,"11, 21, 22, 52, 53, 99",No,No,No,Yes,Yes,Yes,Yes,No,No,No,No,No,No,N/C,N/C,N/C,Yes,Yes,Yes,Yes,N/C,N/C,N/C,N/C,N/C,N/C,Carelon BH,,X,
,PHP,,,S0201,52,,,,,,,Partial Program - Non-Hospital Based,MH,,"11, 21, 22, 52, 53, 99",No,No,No,Yes,Yes,Yes,Yes,No,No,No,No,No,No,N/C,N/C,N/C,Yes,Yes,Yes,Yes,N/C,N/C,N/C,N/C,N/C,N/C,Carelon BH,,X,
,PHP,,,S0201,52,GT,,,,,,Partial Program - Non-Hospital Based,MH,,"11, 21, 22, 52, 53, 99",No,No,No,Yes,Yes,Yes,Yes,No,No,No,No,No,No,N/C,N/C,N/C,Yes,Yes,Yes,Yes,N/C,N/C,N/C,N/C,N/C,N/C,Carelon BH,,X,
,PH1,,,0913,,,,,,,,Partial Hospitalization - (Hosp Based),MH/SUD,,"21, 22, 52, 99",No,No,No,Yes,Yes,Yes,No,No,No,No,No,No,No,N/C,N/C,N/C,Yes,No,Yes,N/C,N/C,N/C,N/C,N/C,N/C,N/C,Carelon BH,X,,
Intensive Outpatient,IOP,,,S9480,,,,,,,,"Intensive Outpatient Psych Services, Per Diem (Clinic Model)",MH/GAM,,"11, 22, 53, 99",No,No,No,Yes,Yes,Yes,No,No,Yes,No,No,No,Yes,N/C,N/C,N/C,Yes,Yes,Yes,N/C,N/C,Yes,N/C,N/C,N/C,Yes,Carelon BH,,X,
,IOP,,,S9480,GT,,,,,,,"Intensive Outpatient Psych Services, Per Diem (Clinic Model) - Telehealth",MH/GAM,,"11, 22, 53, 99",No,No,No,Yes,Yes,Yes,No,No,Yes,No,No,No,Yes,N/C,N/C,N/C,Yes,Yes,Yes,N/C,N/C,Yes,N/C,N/C,N/C,Yes,Carelon BH,,X,
,IO4,,,0905,,,,,,,,Intensive Outpatient Services - Psychiatric,MH,,"11, 22, 99",No,No,No,Yes,Yes,Yes,No,No,No,No,No,No,Yes,N/C,N/C,N/C,Yes,No,Yes,N/C,N/C,N/C,N/C,N/C,N/C,Yes,Carelon BH,X,,
,IO4,,,0906,,,,,,,,Intensive Outpatient - (Hosp Based),SUD,,"11, 12, 22",No,No,No,Yes,Yes,Yes,No,No,No,No,No,No,Yes,N/C,N/C,N/C,Yes,No,Yes,N/C,N/C,N/C,N/C,N/C,N/C,Yes,Carelon BH,X,,
,IOP,,,0949,,,,,,,,IOP - Partial Hospital Model or Partial Program - Non Regulated Space,MH/SUD,,"21, 22, 52",No,No,No,Yes,Yes,Yes,Yes,No,No,No,No,No,Yes,N/C,N/C,N/C,Yes,Yes,Yes,Yes,N/C,N/C,N/C,N/C,N/C,Yes,Carelon BH,X,,
"Other Professional Services for IOP, PHP, CRS",PRF,,,90791,HE,,,,,,,Psychiatric Diagnostic Interview - no medical services,MH/SUD/GAM,,"03, 11, 12, 21, 22, 23, 31, 32, 51, 53, 71, 72",No,No,No,Yes,Yes,Yes,Yes,Yes,Yes,No,No,No,No,N/C,N/C,N/C,No,No,No,No,No,No,N/C,N/C,N/C,N/C,Not required. Check for facility auth on file (YD hold code).,,X,
,PRF,,,90792,HE,,,,,,,Psychiatric Diagnostic Interview--medical services,MH/SUD/GAM,,"03, 11, 12, 21, 22, 23, 31, 32, 51, 53, 71, 72",No,No,No,Yes,Yes,Yes,Yes,Yes,Yes,No,No,No,No,N/C,N/C,N/C,No,No,No,No,No,No,N/C,N/C,N/C,N/C,Not required. Check for facility auth on file (YD hold code).,,X,
,PRF,,,90791,HE,UB,,,,,,Psychiatric Diagnostic Interview - no medical services,MH/SUD/GAM,,"03, 11, 12, 21, 22, 23, 31, 32, 51, 53, 71, 72",No,No,No,Yes,Yes,Yes,Yes,Yes,Yes,No,No,No,No,N/C,N/C,N/C,No,No,No,No,No,No,N/C,N/C,N/C,N/C,Not required. Check for facility auth on file (YD hold code).,,X,
,PRF,,,90792,HE,UB,,,,,,Psychiatric Diagnostic Interview--medical services,MH/SUD/GAM,,"03, 11, 12, 21, 22, 23, 31, 32, 51, 53, 71, 72",No,No,No,Yes,Yes,Yes,Yes,Yes,Yes,No,No,No,No,N/C,N/C,N/C,No,No,No,No,No,No,N/C,N/C,N/C,N/C,Not required. Check for facility auth on file (YD hold code).,,X,
,PRF,,,90791,HE,GT,,,,,,Psychiatric Diagnostic Interview - no medical services - Telehealth ,MH/SUD/GAM,,"03, 11, 12, 21, 22, 23, 31, 32, 51, 53, 71, 72",No,No,No,Yes,Yes,Yes,Yes,Yes,Yes,No,No,No,No,N/C,N/C,N/C,No,No,No,No,No,No,N/C,N/C,N/C,N/C,Not required. Check for facility auth on file (YD hold code).,,X,
,PRF,,,90792,HE,GT,,,,,,Psychiatric Diagnostic Interview--medical services - Telehealth ,MH/SUD/GAM,,"03, 11, 12, 21, 22, 23, 31, 32, 51, 53, 71, 72",No,No,No,Yes,Yes,Yes,Yes,Yes,Yes,No,No,No,No,N/C,N/C,N/C,No,No,No,No,No,No,N/C,N/C,N/C,N/C,Not required. Check for facility auth on file (YD hold code).,,X,
,PRF,,,90832,HE,,,,,,,Individual Therapy (30 Minutes) MD Only,MH/SUD/GAM,,"03, 11, 12, 21, 22, 31, 32, 51, 53
(POS 21/51 not cov'd for SUNI fund)",No,No,No,Yes,Yes,Yes,Yes,Yes,Yes,No,No,No,No,N/C,N/C,N/C,No,No,No,No,No,No,N/C,N/C,N/C,N/C,Not required. Check for facility auth on file (YD hold code).,,X,
,PRF,,,90832,HE,GT,,,,,,Individual Therapy (30 Minutes) MD Only - Telehealth,MH/SUD/GAM,,"03, 11, 12, 21, 22, 31, 32, 51, 53
(POS 21/51 not cov'd for SUNI fund)",No,No,No,Yes,Yes,Yes,Yes,Yes,Yes,No,No,No,No,N/C,N/C,N/C,No,No,No,No,No,No,N/C,N/C,N/C,N/C,Not required. Check for facility auth on file (YD hold code).,,X,
,PRF,,,90832,HE,UB,,,,,,Individual Therapy (30 Minutes) MD Only,MH/SUD/GAM,,"03, 11, 12, 21, 22, 31, 32, 51, 53
(POS 21/51 not cov'd for SUNI fund)",No,No,No,Yes,Yes,Yes,Yes,Yes,Yes,No,No,No,No,N/C,N/C,N/C,No,No,No,No,No,No,N/C,N/C,N/C,N/C,Not required. Check for facility auth on file (YD hold code).,,X,
,PRF,,,90834,HE,,,,,,,Individual Therapy (45 Minutes) MD Only,MH/SUD/GAM,,"03, 11, 12, 21, 22, 31, 32, 51, 53
(POS 21/51 not cov'd for SUNI fund)",No,No,No,Yes,Yes,Yes,Yes,Yes,Yes,No,No,No,No,N/C,N/C,N/C,No,No,No,No,No,No,N/C,N/C,N/C,N/C,Not required. Check for facility auth on file (YD hold code).,,X,
,PRF,,,90834,HE,GT,,,,,,Individual Therapy (45 Minutes) MD Only - Telehealth,MH/SUD/GAM,,"03, 11, 12, 21, 22, 31, 32, 51, 53
(POS 21/51 not cov'd for SUNI fund)",No,No,No,Yes,Yes,Yes,Yes,Yes,Yes,No,No,No,No,N/C,N/C,N/C,No,No,No,No,No,No,N/C,N/C,N/C,N/C,Not required. Check for facility auth on file (YD hold code).,,X,
,PRF,,,90834,HE,UB,,,,,,Individual Therapy (45 Minutes) MD Only,MH/SUD/GAM,,"03, 11, 12, 21, 22, 31, 32, 51, 53
(POS 21/51 not cov'd for SUNI fund)",No,No,No,Yes,Yes,Yes,Yes,Yes,Yes,No,No,No,No,N/C,N/C,N/C,No,No,No,No,No,No,N/C,N/C,N/C,N/C,Not required. Check for facility auth on file (YD hold code).,,X,
,PRF,,,99202,HE,,,"90833
90836
90838","HE
HE
HE",,,Evaluation and Management,MH/SUD/GAM,,"03, 11, 12, 22, 53, 71, 72",No,No,No,Yes,Yes,Yes,Yes,Yes,Yes,No,No,No,No,N/C,N/C,N/C,No,No,No,No,No,No,No,N/C,N/C,N/C,Not required. Check for facility auth on file (YD hold code).,,X,
,PRF,,,99203,HE,,,"90833
90836
90838","HE
HE
HE",,,Evaluation and Management,MH/SUD/GAM,,"03, 11, 12, 22, 53, 71, 72",No,No,No,Yes,Yes,Yes,Yes,Yes,Yes,No,No,No,No,N/C,N/C,N/C,No,No,No,No,No,No,No,N/C,N/C,N/C,Not required. Check for facility auth on file (YD hold code).,,X,
,PRF,,,99204,HE,,,"90833
90836
90838","HE
HE
HE",,,Evaluation and Management,MH/SUD/GAM,,"03, 11, 12, 22, 53, 71, 72",No,No,No,Yes,Yes,Yes,Yes,Yes,Yes,No,No,No,No,N/C,N/C,N/C,No,No,No,No,No,No,No,N/C,N/C,N/C,Not required. Check for facility auth on file (YD hold code).,,X,
,PRF,,,99205,HE,,,"90833
90836
90838
99417","HE
HE
HE
HE",,,Evaluation and Management,MH/SUD/GAM,,"03, 11, 12, 22, 53, 71, 72",No,No,No,Yes,Yes,Yes,Yes,Yes,Yes,No,No,No,No,N/C,N/C,N/C,No,No,No,No,No,No,No,N/C,N/C,N/C,Not required. Check for facility auth on file (YD hold code).,,X,
,PRF,,,99211,HE,,,"90833
90836
90838","HE
HE
HE",,,Evaluation and Management,MH/SUD/GAM,,"03, 11, 12, 22, 53, 71, 72",No,No,No,Yes,Yes,Yes,Yes,Yes,Yes,No,No,No,No,N/C,N/C,N/C,No,No,No,No,No,No,No,N/C,N/C,N/C,Not required. Check for facility auth on file (YD hold code).,,X,
,PRF,,,99212,HE,,,"90833
90836
90838","HE
HE
HE",,,Evaluation and Management,MH/SUD/GAM,,"03, 11, 12, 22, 53, 71, 72",No,No,No,Yes,Yes,Yes,Yes,Yes,Yes,No,No,No,No,N/C,N/C,N/C,No,No,No,No,No,No,No,N/C,N/C,N/C,Not required. Check for facility auth on file (YD hold code).,,X,
,PRF,,,99213,HE,,,"90833
90836
90838","HE
HE
HE",,,Evaluation and Management,MH/SUD/GAM,,"03, 11, 12, 22, 53, 71, 72",No,No,No,Yes,Yes,Yes,Yes,Yes,Yes,No,No,No,No,N/C,N/C,N/C,No,No,No,No,No,No,No,N/C,N/C,N/C,Not required. Check for facility auth on file (YD hold code).,,X,
,PRF,,,99214,HE,,,"90833
90836
90838","HE
HE
HE",,,Evaluation and Management,MH/SUD/GAM,,"03, 11, 12, 22, 53, 71, 72",No,No,No,Yes,Yes,Yes,Yes,Yes,Yes,No,No,No,No,N/C,N/C,N/C,No,No,No,No,No,No,No,N/C,N/C,N/C,Not required. Check for facility auth on file (YD hold code).,,X,
,PRF,,,99215,HE,,,"90833
90836
90838
99417","HE
HE
HE
HE","GT
GT
GT
GT",,Evaluation and Management,MH/SUD/GAM,,"03, 11, 12, 22, 53, 71, 72",No,No,No,Yes,Yes,Yes,Yes,Yes,Yes,No,No,No,No,N/C,N/C,N/C,No,No,No,No,No,No,No,N/C,N/C,N/C,Not required. Check for facility auth on file (YD hold code).,,X,
,PRF,,,99202,HE,GT,,"90833
90836
90838","HE
HE
HE","GT
GT
GT",,Evaluation and Management - Telehealth,MH/SUD/GAM,,"03, 11, 12, 22, 53, 71, 72",No,No,No,Yes,Yes,Yes,Yes,Yes,Yes,No,No,No,No,N/C,N/C,N/C,No,No,No,No,No,No,No,N/C,N/C,N/C,Not required. Check for facility auth on file (YD hold code).,,X,
,PRF,,,99203,HE,GT,,"90833
90836
90838","HE
HE
HE","GT
GT
GT",,Evaluation and Management - Telehealth,MH/SUD/GAM,,"03, 11, 12, 22, 53, 71, 72",No,No,No,Yes,Yes,Yes,Yes,Yes,Yes,No,No,No,No,N/C,N/C,N/C,No,No,No,No,No,No,No,N/C,N/C,N/C,Not required. Check for facility auth on file (YD hold code).,,X,
,PRF,,,99204,HE,GT,,"90833
90836
90838","HE
HE
HE","GT
GT
GT",,Evaluation and Management - Telehealth,MH/SUD/GAM,,"03, 11, 12, 22, 53, 71, 72",No,No,No,Yes,Yes,Yes,Yes,Yes,Yes,No,No,No,No,N/C,N/C,N/C,No,No,No,No,No,No,No,N/C,N/C,N/C,Not required. Check for facility auth on file (YD hold code).,,X,
,PRF,,,99205,HE,GT,,"90833
90836
90838
99417","HE
HE
HE
HE","GT
GT
GT
GT",,Evaluation and Management - Telehealth,MH/SUD/GAM,,"03, 11, 12, 22, 53, 71, 72",No,No,No,Yes,Yes,Yes,Yes,Yes,Yes,No,No,No,No,N/C,N/C,N/C,No,No,No,No,No,No,No,N/C,N/C,N/C,Not required. Check for facility auth on file (YD hold code).,,X,
,PRF,,,99211,HE,GT,,"90833
90836
90838","HE
HE
HE","GT
GT
GT",,Evaluation and Management - Telehealth,MH/SUD/GAM,,"03, 11, 12, 22, 53, 71, 72",No,No,No,Yes,Yes,Yes,Yes,Yes,Yes,No,No,No,No,N/C,N/C,N/C,No,No,No,No,No,No,No,N/C,N/C,N/C,Not required. Check for facility auth on file (YD hold code).,,X,
,PRF,,,99212,HE,GT,,"90833
90836
90838","HE
HE
HE","GT
GT
GT",,Evaluation and Management - Telehealth,MH/SUD/GAM,,"03, 11, 12, 22, 53, 71, 72",No,No,No,Yes,Yes,Yes,Yes,Yes,Yes,No,No,No,No,N/C,N/C,N/C,No,No,No,No,No,No,No,N/C,N/C,N/C,Not required. Check for facility auth on file (YD hold code).,,X,
,PRF,,,99213,HE,GT,,"90833
90836
90838","HE
HE
HE","GT
GT
GT",,Evaluation and Management - Telehealth,MH/SUD/GAM,,"03, 11, 12, 22, 53, 71, 72",No,No,No,Yes,Yes,Yes,Yes,Yes,Yes,No,No,No,No,N/C,N/C,N/C,No,No,No,No,No,No,No,N/C,N/C,N/C,Not required. Check for facility auth on file (YD hold code).,,X,
,PRF,,,99214,HE,GT,,"90833
90836
90838","HE
HE
HE","GT
GT
GT",,Evaluation and Management - Telehealth,MH/SUD/GAM,,"03, 11, 12, 22, 53, 71, 72",No,No,No,Yes,Yes,Yes,Yes,Yes,Yes,No,No,No,No,N/C,N/C,N/C,No,No,No,No,No,No,No,N/C,N/C,N/C,Not required. Check for facility auth on file (YD hold code).,,X,
,PRF,,,99215,HE,GT,,"90833
90836
90838
99417","HE
HE
HE
HE","GT
GT
GT
GT",,Evaluation and Management - Telehealth,MH/SUD/GAM,,"03, 11, 12, 22, 53, 71, 72",No,No,No,Yes,Yes,Yes,Yes,Yes,Yes,No,No,No,No,N/C,N/C,N/C,No,No,No,No,No,No,No,N/C,N/C,N/C,Not required. Check for facility auth on file (YD hold code).,,X,
,PRF,,,99202,HE,UB,,"90833
90836
90838","HE
HE
HE","UB
UB
UB",,Evaluation and Management,MH/SUD/GAM,,"03, 11, 12, 22, 53, 71, 72",No,No,No,Yes,Yes,Yes,Yes,Yes,Yes,No,No,No,No,N/C,N/C,N/C,No,No,No,No,No,No,No,N/C,N/C,N/C,Not required. Check for facility auth on file (YD hold code).,,X,
,PRF,,,99203,HE,UB,,"90833
90836
90838","HE
HE
HE","UB
UB
UB",,Evaluation and Management,MH/SUD/GAM,,"03, 11, 12, 22, 53, 71, 72",No,No,No,Yes,Yes,Yes,Yes,Yes,Yes,No,No,No,No,N/C,N/C,N/C,No,No,No,No,No,No,No,N/C,N/C,N/C,Not required. Check for facility auth on file (YD hold code).,,X,
,PRF,,,99204,HE,UB,,"90833
90836
90838","HE
HE
HE","UB
UB
UB",,Evaluation and Management,MH/SUD/GAM,,"03, 11, 12, 22, 53, 71, 72",No,No,No,Yes,Yes,Yes,Yes,Yes,Yes,No,No,No,No,N/C,N/C,N/C,No,No,No,No,No,No,No,N/C,N/C,N/C,Not required. Check for facility auth on file (YD hold code).,,X,
,PRF,,,99205,HE,UB,,"90833
90836
90838
99417","HE
HE
HE
HE","UB
UB
UB
UB",,Evaluation and Management,MH/SUD/GAM,,"03, 11, 12, 22, 53, 71, 72",No,No,No,Yes,Yes,Yes,Yes,Yes,Yes,No,No,No,No,N/C,N/C,N/C,No,No,No,No,No,No,No,N/C,N/C,N/C,Not required. Check for facility auth on file (YD hold code).,,X,
,PRF,,,99211,HE,UB,,"90833
90836
90838","HE
HE
HE","UB
UB
UB",,Evaluation and Management,MH/SUD/GAM,,"03, 11, 12, 22, 53, 71, 72",No,No,No,Yes,Yes,Yes,Yes,Yes,Yes,No,No,No,No,N/C,N/C,N/C,No,No,No,No,No,No,No,N/C,N/C,N/C,Not required. Check for facility auth on file (YD hold code).,,X,
,PRF,,,99212,HE,UB,,"90833
90836
90838","HE
HE
HE","UB
UB
UB",,Evaluation and Management,MH/SUD/GAM,,"03, 11, 12, 22, 53, 71, 72",No,No,No,Yes,Yes,Yes,Yes,Yes,Yes,No,No,No,No,N/C,N/C,N/C,No,No,No,No,No,No,No,N/C,N/C,N/C,Not required. Check for facility auth on file (YD hold code).,,X,
,PRF,,,99213,HE,UB,,"90833
90836
90838","HE
HE
HE","UB
UB
UB",,Evaluation and Management,MH/SUD/GAM,,"03, 11, 12, 22, 53, 71, 72",No,No,No,Yes,Yes,Yes,Yes,Yes,Yes,No,No,No,No,N/C,N/C,N/C,No,No,No,No,No,No,No,N/C,N/C,N/C,Not required. Check for facility auth on file (YD hold code).,,X,
,PRF,,,99214,HE,UB,,"90833
90836
90838","HE
HE
HE","UB
UB
UB",,Evaluation and Management,MH/SUD/GAM,,"03, 11, 12, 22, 53, 71, 72",No,No,No,Yes,Yes,Yes,Yes,Yes,Yes,No,No,No,No,N/C,N/C,N/C,No,No,No,No,No,No,No,N/C,N/C,N/C,Not required. Check for facility auth on file (YD hold code).,,X,
,PRF,,,99215,HE,UB,,"90833
90836
90838
99417","HE
HE
HE
HE","UB
UB
UB
UB",,Evaluation and Management,MH/SUD/GAM,,"03, 11, 12, 22, 53, 71, 72",No,No,No,Yes,Yes,Yes,Yes,Yes,Yes,No,No,No,No,N/C,N/C,N/C,No,No,No,No,No,No,No,N/C,N/C,N/C,Not required. Check for facility auth on file (YD hold code).,,X,
Inpatient Professional Billing Codes,IPS,,,99221,,,,"90833
90836
90838",,,,Initial Hospital Care - Attending Physician Only,MH/SUD,,"21, 22, 51, 52",Yes,No,No,Yes,Yes,Yes,Yes,No,No,No,No,Yes,No,No,N/C,N/C,No,No,No,No,N/C,N/C,N/C,N/C,No,N/C,Not required. Check for facility auth on file (YD hold code).,,X,
,IPS,,,99222,,,,"90833
90836
90838",,,,Initial Hospital Care - Attending Physician Only,MH/SUD,,"21, 22, 51, 52",Yes,No,No,Yes,Yes,Yes,Yes,No,No,No,No,Yes,No,No,N/C,N/C,No,No,No,No,N/C,N/C,N/C,N/C,No,N/C,Not required. Check for facility auth on file (YD hold code).,,X,
,IPS,,,99223,,,,"90833
90836
90838
99418",,,,Initial Hospital Care - Attending Physician Only,MH/SUD,,"21, 22, 51, 52",Yes,No,No,Yes,Yes,Yes,Yes,No,No,No,No,Yes,No,No,N/C,N/C,No,No,No,No,N/C,N/C,N/C,N/C,No,N/C,Not required. Check for facility auth on file (YD hold code).,,X,
,IPS,,,99231,,,,"90833
90836
90838",,,,Subsequent Hospital Care - Attending Physician Only,MH/SUD,,"21, 22, 51, 52",Yes,No,No,Yes,Yes,Yes,Yes,No,No,No,No,Yes,No,No,N/C,N/C,No,No,No,No,N/C,N/C,N/C,N/C,No,N/C,Not required. Check for facility auth on file (YD hold code).,,X,
,IPS,,,99231,GT,,,"90833
90836
90838","GT
GT
GT",,,Subsequent Hospital Care - Attending Physician Only - Telehealth,MH/SUD,,"21, 22, 51, 52",Yes,No,No,Yes,Yes,Yes,Yes,No,No,No,No,Yes,No,No,N/C,N/C,No,No,No,No,N/C,N/C,N/C,N/C,No,N/C,Not required. Check for facility auth on file (YD hold code).,,X,
,IPS,,,99232,,,,"90833
90836
90838",,,,Subsequent Hospital Care - Attending Physician Only,MH/SUD,,"21, 22, 51, 52",Yes,No,No,Yes,Yes,Yes,Yes,No,No,No,No,Yes,No,No,N/C,N/C,No,No,No,No,N/C,N/C,N/C,N/C,No,N/C,Not required. Check for facility auth on file (YD hold code).,,X,
,IPS,,,99232,GT,,,"90833
90836
90838","GT
GT
GT",,,Subsequent Hospital Care - Attending Physician Only - Telehealth,MH/SUD,,"21, 22, 51, 52",Yes,No,No,Yes,Yes,Yes,Yes,No,No,No,No,Yes,No,No,N/C,N/C,No,No,No,No,N/C,N/C,N/C,N/C,No,N/C,Not required. Check for facility auth on file (YD hold code).,,X,
,IPS,,,99233,,,,"90833
90836
90838
99418",,,,Subsequent Hospital Care - Attending Physician Only,MH/SUD,,"21, 22, 51, 52",Yes,No,No,Yes,Yes,Yes,Yes,No,No,No,No,Yes,No,No,N/C,N/C,No,No,No,No,N/C,N/C,N/C,N/C,No,N/C,Not required. Check for facility auth on file (YD hold code).,,X,
,IPS,,,99233,GT,,,"90833
90836
90838
99418","GT
GT
GT
GT",,,Subsequent Hospital Care - Attending Physician Only - Telehealth,MH/SUD,,"21, 22, 51, 52",Yes,No,No,Yes,Yes,Yes,Yes,No,No,No,No,Yes,No,No,N/C,N/C,No,No,No,No,N/C,N/C,N/C,N/C,No,N/C,Not required. Check for facility auth on file (YD hold code).,,X,
,IPS,,,99238,,,,"90833
90836
90838",,,,Discharge Day Management - MD Only,MH/SUD,,"21, 22, 51, 52",Yes,No,No,Yes,Yes,Yes,Yes,No,No,No,No,Yes,No,No,N/C,N/C,No,No,No,No,N/C,N/C,N/C,N/C,No,N/C,Not required. Check for facility auth on file (YD hold code).,,X,
,IPS,,,99239,,,,"90833
90836
90838",,,,Discharge Day Management - MD Only,MH/SUD,,"21, 22, 51, 52",Yes,No,No,Yes,Yes,Yes,Yes,No,No,No,No,Yes,No,No,N/C,N/C,No,No,No,No,N/C,N/C,N/C,N/C,No,N/C,Not required. Check for facility auth on file (YD hold code).,,X,
,IPS,,,99252,,,,"90833
90836
90838",,,,Initial Inpatient Consultation - Physician Only,MH/SUD,No DX restriction for Non-BH MDs only,"21, 22, 31, 32, 51, 52",Yes,No,No,Yes,Yes,Yes,Yes,No,No,No,No,Yes,No,No,N/C,N/C,No,No,No,No,N/C,N/C,N/C,N/C,No,N/C,Not required. Check for facility auth on file (YD hold code).,,X,
,IPS,,,99252,GT,,,"90833
90836
90838","GT
GT
GT",,,Initial Inpatient Consultation - Physician Only - Telehealth,MH/SUD,No DX restriction for Non-BH MDs only,"21, 22, 31, 32, 51, 52",Yes,No,No,Yes,Yes,Yes,Yes,No,No,No,No,Yes,No,No,N/C,N/C,No,No,No,No,N/C,N/C,N/C,N/C,No,N/C,Not required. Check for facility auth on file (YD hold code).,,X,
,IPS,,,99253,,,,"90833
90836
90838",,,,Initial Inpatient Consultation - Physician Only,MH/SUD,No DX restriction for Non-BH MDs only,"21, 22, 31, 32, 51, 52",Yes,No,No,Yes,Yes,Yes,Yes,No,No,No,No,Yes,No,No,N/C,N/C,No,No,No,No,N/C,N/C,N/C,N/C,No,N/C,Not required. Check for facility auth on file (YD hold code).,,X,
,IPS,,,99253,GT,,,"90833
90836
90838","GT
GT
GT",,,Initial Inpatient Consultation - Physician Only - Telehealth,MH/SUD,No DX restriction for Non-BH MDs only,"21, 22, 31, 32, 51, 52",Yes,No,No,Yes,Yes,Yes,Yes,No,No,No,No,Yes,No,No,N/C,N/C,No,No,No,No,N/C,N/C,N/C,N/C,No,N/C,Not required. Check for facility auth on file (YD hold code).,,X,
,IPS,,,99254,,,,"90833
90836
90838",,,,Initial Inpatient Consultation - Physician Only,MH/SUD,No DX restriction for Non-BH MDs only,"21, 22, 31, 32, 51, 52",Yes,No,No,Yes,Yes,Yes,Yes,No,No,No,No,Yes,No,No,N/C,N/C,No,No,No,No,N/C,N/C,N/C,N/C,No,N/C,Not required. Check for facility auth on file (YD hold code).,,X,
,IPS,,,99254,GT,,,"90833
90836
90838","GT
GT
GT",,,Initial Inpatient Consultation - Physician Only - Telehealth,MH/SUD,No DX restriction for Non-BH MDs only,"21, 22, 31, 32, 51, 52",Yes,No,No,Yes,Yes,Yes,Yes,No,No,No,No,Yes,No,No,N/C,N/C,No,No,No,No,N/C,N/C,N/C,N/C,No,N/C,Not required. Check for facility auth on file (YD hold code).,,X,
,IPS,,,99255,,,,"90833
90836
90838
99418",,,,Initial Inpatient Consultation - Physician Only,MH/SUD,No DX restriction for Non-BH MDs only,"21, 22, 31, 32, 51, 52",Yes,No,No,Yes,Yes,Yes,Yes,No,No,No,No,Yes,No,No,N/C,N/C,No,No,No,No,N/C,N/C,N/C,N/C,No,N/C,Not required. Check for facility auth on file (YD hold code).,,X,
,IPS,,,99255,GT,,,"90833
90836
90838
99418","GT
GT
GT
GT",,,Initial Inpatient Consultation - Physician Only - Telehealth,MH/SUD,No DX restriction for Non-BH MDs only,"21, 22, 31, 32, 51, 52",Yes,No,No,Yes,Yes,Yes,Yes,No,No,No,No,Yes,No,No,N/C,N/C,No,No,No,No,N/C,N/C,N/C,N/C,No,N/C,Not required. Check for facility auth on file (YD hold code).,,X,
,IPS,,,99221,MF,,,"90833
90836
90838",MF,,,Initial Hospital Care - Attending Physician Only,MH/SUD,,"21, 22, 51, 52",Yes,No,No,Yes,Yes,Yes,Yes,No,No,No,No,Yes,No,No,N/C,N/C,No,No,No,No,N/C,N/C,N/C,N/C,No,N/C,Not required,,X,
,IPS,,,99222,MF,,,"90833
90836
90838",MF,,,Initial Hospital Care - Attending Physician Only,MH/SUD,,"21, 22, 51, 52",Yes,No,No,Yes,Yes,Yes,Yes,No,No,No,No,Yes,No,No,N/C,N/C,No,No,No,No,N/C,N/C,N/C,N/C,No,N/C,Not required,,X,
,IPS,,,99223,MF,,,"90833
90836
90838
99418",MF,,,Initial Hospital Care - Attending Physician Only,MH/SUD,,"21, 22, 51, 52",Yes,No,No,Yes,Yes,Yes,Yes,No,No,No,No,Yes,No,No,N/C,N/C,No,No,No,No,N/C,N/C,N/C,N/C,No,N/C,Not required,,X,
,IPS,,,99231,MF,,,"90833
90836
90838",MF,,,Subsequent Hospital Care - Attending Physician Only,MH/SUD,,"21, 22, 51, 52",Yes,No,No,Yes,Yes,Yes,Yes,No,No,No,No,Yes,No,No,N/C,N/C,No,No,No,No,N/C,N/C,N/C,N/C,No,N/C,Not required,,X,
,IPS,,,99232,MF,,,"90833
90836
90838",MF,,,Subsequent Hospital Care - Attending Physician Only,MH/SUD,,"21, 22, 51, 52",Yes,No,No,Yes,Yes,Yes,Yes,No,No,No,No,Yes,No,No,N/C,N/C,No,No,No,No,N/C,N/C,N/C,N/C,No,N/C,Not required,,X,
,IPS,,,99233,MF,,,"90833
90836
90838
99418",MF,,,Subsequent Hospital Care - Attending Physician Only,MH/SUD,,"21, 22, 51, 52",Yes,No,No,Yes,Yes,Yes,Yes,No,No,No,No,Yes,No,No,N/C,N/C,No,No,No,No,N/C,N/C,N/C,N/C,No,N/C,Not required,,X,
,IPS,,,99238,MF,,,"90833
90836
90838",MF,,,Discharge Day Management - MD Only,MH/SUD,,"21, 22, 51, 52",Yes,No,No,Yes,Yes,Yes,Yes,No,No,No,No,Yes,No,No,N/C,N/C,No,No,No,No,N/C,N/C,N/C,N/C,No,N/C,Not required,,X,
,IPS,,,99239,MF,,,"90833
90836
90838",MF,,,Discharge Day Management - MD Only,MH/SUD,,"21, 22, 51, 52",Yes,No,No,Yes,Yes,Yes,Yes,No,No,No,No,Yes,No,No,N/C,N/C,No,No,No,No,N/C,N/C,N/C,N/C,No,N/C,Not required,,X,
,IPS,,,99252,MF,,,"90833
90836
90838",MF,,,Initial Inpatient Consultation - Physician Only,MH/SUD,No DX restriction for Non-BH MDs only,"21, 22, 31, 32, 51, 52",Yes,No,No,Yes,Yes,Yes,Yes,No,No,No,No,Yes,No,No,N/C,N/C,No,No,No,No,N/C,N/C,N/C,N/C,No,N/C,Not required,,X,
,IPS,,,99253,MF,,,"90833
90836
90838",MF,,,Initial Inpatient Consultation - Physician Only,MH/SUD,No DX restriction for Non-BH MDs only,"21, 22, 31, 32, 51, 52",Yes,No,No,Yes,Yes,Yes,Yes,No,No,No,No,Yes,No,No,N/C,N/C,No,No,No,No,N/C,N/C,N/C,N/C,No,N/C,Not required,,X,
,IPS,,,99254,MF,,,"90833
90836
90838",MF,,,Initial Inpatient Consultation - Physician Only,MH/SUD,No DX restriction for Non-BH MDs only,"21, 22, 31, 32, 51, 52",Yes,No,No,Yes,Yes,Yes,Yes,No,No,No,No,Yes,No,No,N/C,N/C,No,No,No,No,N/C,N/C,N/C,N/C,No,N/C,Not required,,X,
,IPS,,,99255,MF,,,"90833
90836
90838
99418",MF,,,Initial Inpatient Consultation - Physician Only,MH/SUD,No DX restriction for Non-BH MDs only,"21, 22, 31, 32, 51, 52",Yes,No,No,Yes,Yes,Yes,Yes,No,No,No,No,Yes,No,No,N/C,N/C,No,No,No,No,N/C,N/C,N/C,N/C,No,N/C,Not required,,X,
Outpatient Therapy Services,TN1,,,90791,,,,,,,,Psychiatric Diagnostic Interview - no medical services,MH/SUD/GAM/AUT,,"03, 11, 12, 21, 22, 31, 32, 33, 51, 53, 62, 71, 72",No,No,No,Yes,Yes,Yes,Yes,Yes,Yes,No,No,No,No,N/C,N/C,N/C,No,No,No,No,No,No,N/C,N/C,N/C,N/C,Not required,,X,
,TN1,,,90792,,,,,,,,Psychiatric Diagnostic Interview--medical services,MH/SUD/GAM/AUT,,"03, 11, 12, 21, 22, 31, 32, 33, 51, 53, 62, 71, 72",No,No,No,Yes,Yes,Yes,Yes,Yes,Yes,No,No,No,No,N/C,N/C,N/C,No,No,No,No,No,No,N/C,N/C,N/C,N/C,Not required,,X,
,TN1,,,90791,GT,,,,,,,Psychiatric Diagnostic Interview- no medical services -Telehealth  ,MH/SUD/GAM/AUT,,"03, 11, 12, 21, 22, 31, 32, 33, 51, 53, 62, 71, 72",No,No,No,Yes,Yes,Yes,Yes,Yes,Yes,No,No,No,No,N/C,N/C,N/C,No,No,No,No,No,No,N/C,N/C,N/C,N/C,Not required,,X,
,TN1,,,90792,GT,,,,,,,Psychiatric Diagnostic Interview medical services - Telehealth ,MH/SUD/GAM/AUT,,"03, 11, 12, 21, 22, 31, 32, 33, 51, 53, 62, 71, 72",No,No,No,Yes,Yes,Yes,Yes,Yes,Yes,No,No,No,No,N/C,N/C,N/C,No,No,No,No,No,No,N/C,N/C,N/C,N/C,Not required,,X,
,TN1,,,90791,UB,,,,,,,Psychiatric Diagnostic Interview - no medical services,MH/SUD/GAM/AUT,,"03, 11, 12, 21, 22, 31, 32, 33, 51, 53, 62, 71, 72",No,No,No,Yes,Yes,Yes,Yes,Yes,Yes,No,No,No,No,N/C,N/C,N/C,No,No,No,No,No,No,N/C,N/C,N/C,N/C,Not required,,X,
,TN1,,,90792,UB,,,,,,,Psychiatric Diagnostic Interview--medical services,MH/SUD/GAM/AUT,,"03, 11, 12, 21, 22, 31, 32, 33, 51, 53, 62, 71, 72",No,No,No,Yes,Yes,Yes,Yes,Yes,Yes,No,No,No,No,N/C,N/C,N/C,No,No,No,No,No,No,N/C,N/C,N/C,N/C,Not required,,X,
,TN4,,,90791,22,,,,,,,Psychiatric Diagnostic Interview - no medical services,MH/SUD,,"03, 11, 12, 21, 22, 31, 32, 33, 51, 53, 62, 71, 72",No,No,No,Yes,Yes,Yes,Yes,Yes,No,No,No,No,No,N/C,N/C,N/C,No,No,No,No,No,N/C,N/C,N/C,N/C,N/C,Not required,,X,
,TN4,,,90792,22,,,,,,,Psychiatric Diagnostic Interview--medical services,MH/SUD,,"03, 11, 12, 21, 22, 31, 32, 33, 51, 53, 62, 71, 72",No,No,No,Yes,Yes,Yes,Yes,Yes,No,No,No,No,No,N/C,N/C,N/C,No,No,No,No,No,N/C,N/C,N/C,N/C,N/C,Not required,,X,
,TN4,,,90791,22,GT,,,,,,Psychiatric Diagnostic Interview - no medical services - Telehealth ,MH/SUD,,"03, 11, 12, 21, 22, 31, 32, 33, 51, 53, 62, 71, 72",No,No,No,Yes,Yes,Yes,Yes,Yes,No,No,No,No,No,N/C,N/C,N/C,No,No,No,No,No,N/C,N/C,N/C,N/C,N/C,Not required,,X,
,TN4,,,90792,22,GT,,,,,,Psychiatric Diagnostic Interview--medical services - Telehealth ,MH/SUD,,"03, 11, 12, 21, 22, 31, 32, 33, 51, 53, 62, 71, 72",No,No,No,Yes,Yes,Yes,Yes,Yes,No,No,No,No,No,N/C,N/C,N/C,No,No,No,No,No,N/C,N/C,N/C,N/C,N/C,Not required,,X,
,TIN,,,90832,,,,,,,,Individual Psychotherapy (30 Minutes),MH/SUD/GAM,,"03, 11, 12, 21, 22, 31, 32, 51, 53
(POS 21/51 not cov'd for SUNI fund)",No,No,No,Yes,Yes,Yes,Yes,Yes,Yes,No,No,No,No,N/C,N/C,N/C,Yes,No,Yes,No,Yes,Yes,N/C,N/C,N/C,N/C,"Carelon BH
For POS 21 & 51 only:  Check for facility auth on file (YD hold code). See Additional Info tab.",,X,
,TIN,,,90832,GT,,,,,,,Individual Psychotherapy (30 Minutes) - Telehealth,MH/SUD/GAM,,"03, 11, 12, 21, 22, 31, 32, 51, 53
(POS 21/51 not cov'd for SUNI fund)",No,No,No,Yes,Yes,Yes,Yes,Yes,Yes,No,No,No,No,N/C,N/C,N/C,Yes,No,Yes,No,Yes,Yes,N/C,N/C,N/C,N/C,"Carelon BH
For POS 21 & 51 only:  Check for facility auth on file (YD hold code). See Additional Info tab.",,X,
,TIN,,,90832,UB,,,,,,,Individual Psychotherapy (30 Minutes),MH/SUD/GAM,,"03, 11, 12, 21, 22, 31, 32, 51, 53
(POS 21/51 not cov'd for SUNI fund)",No,No,No,Yes,Yes,Yes,Yes,Yes,Yes,No,No,No,No,N/C,N/C,N/C,Yes,No,Yes,No,Yes,Yes,N/C,N/C,N/C,N/C,"Carelon BH
For POS 21 & 51 only:  Check for facility auth on file (YD hold code). See Additional Info tab.",,X,
,TIN,,,99202,,,,"90833
90836
90838",,,,"Med Eval/Mgmt. with Individual Psychotherapy (Add on codes add 30 or 45 or 60 Minutes) 
(90838 allowed for OMHCs only)",MH/SUD/GAM,,"03, 11, 12, 22, 53, 71, 72",No,No,No,Yes,Yes,Yes,Yes,Yes,Yes,No,No,No,No,N/C,N/C,N/C,Yes,No,Yes,No,Yes,Yes,N/C,N/C,N/C,N/C,Carelon BH,,X,
,TIN,,,99203,,,,"90833
90836
90838",,,,"Med Eval/Mgmt. with Individual Psychotherapy (Add on codes add 30 or 45 or 60 Minutes) 
(90838 allowed for OMHCs only)",MH/SUD/GAM,,"03, 11, 12, 22, 53, 71, 72",No,No,No,Yes,Yes,Yes,Yes,Yes,Yes,No,No,No,No,N/C,N/C,N/C,Yes,No,Yes,No,Yes,Yes,N/C,N/C,N/C,N/C,Carelon BH,,X,
,TIN,,,99204,,,,"90833
90836
90838",,,,"Med Eval/Mgmt. with Individual Psychotherapy (Add on codes add 30 or 45 or 60 Minutes) 
(90838 allowed for OMHCs only)",MH/SUD/GAM,,"03, 11, 12, 22, 53, 71, 72",No,No,No,Yes,Yes,Yes,Yes,Yes,Yes,No,No,No,No,N/C,N/C,N/C,Yes,No,Yes,No,Yes,Yes,N/C,N/C,N/C,N/C,Carelon BH,,X,
,TIN,,,99205,,,,"90833
90836
90838
99417",,,,"Med Eval/Mgmt. with Individual Psychotherapy (Add on codes add 30 or 45 or 60 Minutes) 
(90838 allowed for OMHCs only)",MH/SUD/GAM,,"03, 11, 12, 22, 53, 71, 72",No,No,No,Yes,Yes,Yes,Yes,Yes,Yes,No,No,No,No,N/C,N/C,N/C,Yes,No,Yes,No,Yes,Yes,N/C,N/C,N/C,N/C,Carelon BH,,X,
,TIN,,,99211,,,,"90833
90836
90838",,,,"Med Eval/Mgmt. with Individual Psychotherapy (Add on codes add 30 or 45 or 60 Minutes) 
(90838 allowed for OMHCs only)",MH/SUD/GAM,,"03, 11, 12, 22, 53, 71, 72",No,No,No,Yes,Yes,Yes,Yes,Yes,Yes,No,No,No,No,N/C,N/C,N/C,Yes,No,Yes,No,Yes,Yes,N/C,N/C,N/C,N/C,Carelon BH,,X,
,TIN,,,99212,,,,"90833
90836
90838",,,,"Med Eval/Mgmt. with Individual Psychotherapy (Add on codes add 30 or 45 or 60 Minutes) 
(90838 allowed for OMHCs only)",MH/SUD/GAM,,"03, 11, 12, 22, 53, 71, 72",No,No,No,Yes,Yes,Yes,Yes,Yes,Yes,No,No,No,No,N/C,N/C,N/C,Yes,No,Yes,No,Yes,Yes,N/C,N/C,N/C,N/C,Carelon BH,,X,
,TIN,,,99213,,,,"90833
90836
90838",,,,"Med Eval/Mgmt. with Individual Psychotherapy (Add on codes add 30 or 45 or 60 Minutes) 
(90838 allowed for OMHCs only)",MH/SUD/GAM,,"03, 11, 12, 22, 53, 71, 72",No,No,No,Yes,Yes,Yes,Yes,Yes,Yes,No,No,No,No,N/C,N/C,N/C,Yes,No,Yes,No,Yes,Yes,N/C,N/C,N/C,N/C,Carelon BH,,X,
,TIN,,,99214,,,,"90833
90836
90838",,,,"Med Eval/Mgmt. with Individual Psychotherapy (Add on codes add 30 or 45 or 60 Minutes) 
(90838 allowed for OMHCs only)",MH/SUD/GAM,,"03, 11, 12, 22, 53, 71, 72",No,No,No,Yes,Yes,Yes,Yes,Yes,Yes,No,No,No,No,N/C,N/C,N/C,Yes,No,Yes,No,Yes,Yes,N/C,N/C,N/C,N/C,Carelon BH,,X,
,TIN,,,99215,,,,"90833
90836
90838
99417",,,,"Med Eval/Mgmt. with Individual Psychotherapy (Add on codes add 30 or 45 or 60 Minutes) 
(90838 allowed for OMHCs only)",MH/SUD/GAM,,"03, 11, 12, 22, 53, 71, 72",No,No,No,Yes,Yes,Yes,Yes,Yes,Yes,No,No,No,No,N/C,N/C,N/C,Yes,No,Yes,No,Yes,Yes,N/C,N/C,N/C,N/C,Carelon BH,,X,
,TIN,,,99202,GT,,,"90833
90836
90838","GT
GT
GT",,,"Med Eval/Mgmt. with Individual Psychotherapy (Add on codes add 30 or 45 or 60 Minutes) - telehealth
(90838 allowed for OMHCs only)",MH/SUD/GAM,,"03, 11, 12, 22, 53, 71, 72",No,No,No,Yes,Yes,Yes,Yes,Yes,Yes,No,No,No,No,N/C,N/C,N/C,Yes,No,Yes,No,Yes,Yes,N/C,N/C,N/C,N/C,Carelon BH,,X,
,TIN,,,99203,GT,,,"90833
90836
90838","GT
GT
GT",,,"Med Eval/Mgmt. with Individual Psychotherapy (Add on codes add 30 or 45 or 60 Minutes) - telehealth
(90838 allowed for OMHCs only)",MH/SUD/GAM,,"03, 11, 12, 22, 53, 71, 72",No,No,No,Yes,Yes,Yes,Yes,Yes,Yes,No,No,No,No,N/C,N/C,N/C,Yes,No,Yes,No,Yes,Yes,N/C,N/C,N/C,N/C,Carelon BH,,X,
,TIN,,,99204,GT,,,"90833
90836
90838","GT
GT
GT",,,"Med Eval/Mgmt. with Individual Psychotherapy (Add on codes add 30 or 45 or 60 Minutes) - telehealth
(90838 allowed for OMHCs only)",MH/SUD/GAM,,"03, 11, 12, 22, 53, 71, 72",No,No,No,Yes,Yes,Yes,Yes,Yes,Yes,No,No,No,No,N/C,N/C,N/C,Yes,No,Yes,No,Yes,Yes,N/C,N/C,N/C,N/C,Carelon BH,,X,
,TIN,,,99205,GT,,,"90833
90836
90838
99417","GT
GT
GT
GT",,,"Med Eval/Mgmt. with Individual Psychotherapy (Add on codes add 30 or 45 or 60 Minutes) - telehealth
(90838 allowed for OMHCs only)",MH/SUD/GAM,,"03, 11, 12, 22, 53, 71, 72",No,No,No,Yes,Yes,Yes,Yes,Yes,Yes,No,No,No,No,N/C,N/C,N/C,Yes,No,Yes,No,Yes,Yes,N/C,N/C,N/C,N/C,Carelon BH,,X,
,TIN,,,99211,GT,,,"90833
90836
90838","GT
GT
GT",,,"Med Eval/Mgmt. with Individual Psychotherapy (Add on codes add 30 or 45 or 60 Minutes) - telehealth
(90838 allowed for OMHCs only)",MH/SUD/GAM,,"03, 11, 12, 22, 53, 71, 72",No,No,No,Yes,Yes,Yes,Yes,Yes,Yes,No,No,No,No,N/C,N/C,N/C,Yes,No,Yes,No,Yes,Yes,N/C,N/C,N/C,N/C,Carelon BH,,X,
,TIN,,,99212,GT,,,"90833
90836
90838","GT
GT
GT",,,"Med Eval/Mgmt. with Individual Psychotherapy (Add on codes add 30 or 45 or 60 Minutes) - telehealth
(90838 allowed for OMHCs only)",MH/SUD/GAM,,"03, 11, 12, 22, 53, 71, 72",No,No,No,Yes,Yes,Yes,Yes,Yes,Yes,No,No,No,No,N/C,N/C,N/C,Yes,No,Yes,No,Yes,Yes,N/C,N/C,N/C,N/C,Carelon BH,,X,
,TIN,,,99213,GT,,,"90833
90836
90838","GT
GT
GT",,,"Med Eval/Mgmt. with Individual Psychotherapy (Add on codes add 30 or 45 or 60 Minutes) - telehealth
(90838 allowed for OMHCs only)",MH/SUD/GAM,,"03, 11, 12, 22, 53, 71, 72",No,No,No,Yes,Yes,Yes,Yes,Yes,Yes,No,No,No,No,N/C,N/C,N/C,Yes,No,Yes,No,Yes,Yes,N/C,N/C,N/C,N/C,Carelon BH,,X,
,TIN,,,99214,GT,,,"90833
90836
90838","GT
GT
GT",,,"Med Eval/Mgmt. with Individual Psychotherapy (Add on codes add 30 or 45 or 60 Minutes) - telehealth
(90838 allowed for OMHCs only)",MH/SUD/GAM,,"03, 11, 12, 22, 53, 71, 72",No,No,No,Yes,Yes,Yes,Yes,Yes,Yes,No,No,No,No,N/C,N/C,N/C,Yes,No,Yes,No,Yes,Yes,N/C,N/C,N/C,N/C,Carelon BH,,X,
,TIN,,,99215,GT,,,"90833
90836
90838
99417","GT
GT
GT
GT",,,"Med Eval/Mgmt. with Individual Psychotherapy (Add on codes add 30 or 45 or 60 Minutes) - telehealth
(90838 allowed for OMHCs only)",MH/SUD/GAM,,"03, 11, 12, 22, 53, 71, 72",No,No,No,Yes,Yes,Yes,Yes,Yes,Yes,No,No,No,No,N/C,N/C,N/C,Yes,No,Yes,No,Yes,Yes,N/C,N/C,N/C,N/C,Carelon BH,,X,
,TIN,,,99202,UB,,,"90833
90836
90838","UB
UB
UB",,,"Med Eval/Mgmt. with Individual Psychotherapy (Add on codes add 30 or 45 or 60 Minutes) 
(90838 allowed for OMHCs only)",MH/SUD/GAM,,"03, 11, 12, 22, 53, 71, 72",No,No,No,Yes,Yes,Yes,Yes,Yes,Yes,No,No,No,No,N/C,N/C,N/C,Yes,No,Yes,No,Yes,Yes,N/C,N/C,N/C,N/C,Carelon BH,,X,
,TIN,,,99203,UB,,,"90833
90836
90838","UB
UB
UB",,,"Med Eval/Mgmt. with Individual Psychotherapy (Add on codes add 30 or 45 or 60 Minutes) 
(90838 allowed for OMHCs only)",MH/SUD/GAM,,"03, 11, 12, 22, 53, 71, 72",No,No,No,Yes,Yes,Yes,Yes,Yes,Yes,No,No,No,No,N/C,N/C,N/C,Yes,No,Yes,No,Yes,Yes,N/C,N/C,N/C,N/C,Carelon BH,,X,
,TIN,,,99204,UB,,,"90833
90836
90838","UB
UB
UB",,,"Med Eval/Mgmt. with Individual Psychotherapy (Add on codes add 30 or 45 or 60 Minutes) 
(90838 allowed for OMHCs only)",MH/SUD/GAM,,"03, 11, 12, 22, 53, 71, 72",No,No,No,Yes,Yes,Yes,Yes,Yes,Yes,No,No,No,No,N/C,N/C,N/C,Yes,No,Yes,No,Yes,Yes,N/C,N/C,N/C,N/C,Carelon BH,,X,
,TIN,,,99205,UB,,,"90833
90836
90838
99417","UB
UB
UB
UB",,,"Med Eval/Mgmt. with Individual Psychotherapy (Add on codes add 30 or 45 or 60 Minutes) 
(90838 allowed for OMHCs only)",MH/SUD/GAM,,"03, 11, 12, 22, 53, 71, 72",No,No,No,Yes,Yes,Yes,Yes,Yes,Yes,No,No,No,No,N/C,N/C,N/C,Yes,No,Yes,No,Yes,Yes,N/C,N/C,N/C,N/C,Carelon BH,,X,
,TIN,,,99211,UB,,,"90833
90836
90838","UB
UB
UB",,,"Med Eval/Mgmt. with Individual Psychotherapy (Add on codes add 30 or 45 or 60 Minutes) 
(90838 allowed for OMHCs only)",MH/SUD/GAM,,"03, 11, 12, 22, 53, 71, 72",No,No,No,Yes,Yes,Yes,Yes,Yes,Yes,No,No,No,No,N/C,N/C,N/C,Yes,No,Yes,No,Yes,Yes,N/C,N/C,N/C,N/C,Carelon BH,,X,
,TIN,,,99212,UB,,,"90833
90836
90838","UB
UB
UB",,,"Med Eval/Mgmt. with Individual Psychotherapy (Add on codes add 30 or 45 or 60 Minutes) 
(90838 allowed for OMHCs only)",MH/SUD/GAM,,"03, 11, 12, 22, 53, 71, 72",No,No,No,Yes,Yes,Yes,Yes,Yes,Yes,No,No,No,No,N/C,N/C,N/C,Yes,No,Yes,No,Yes,Yes,N/C,N/C,N/C,N/C,Carelon BH,,X,
,TIN,,,99213,UB,,,"90833
90836
90838","UB
UB
UB",,,"Med Eval/Mgmt. with Individual Psychotherapy (Add on codes add 30 or 45 or 60 Minutes) 
(90838 allowed for OMHCs only)",MH/SUD/GAM,,"03, 11, 12, 22, 53, 71, 72",No,No,No,Yes,Yes,Yes,Yes,Yes,Yes,No,No,No,No,N/C,N/C,N/C,Yes,No,Yes,No,Yes,Yes,N/C,N/C,N/C,N/C,Carelon BH,,X,
,TIN,,,99214,UB,,,"90833
90836
90838","UB
UB
UB",,,"Med Eval/Mgmt. with Individual Psychotherapy (Add on codes add 30 or 45 or 60 Minutes) 
(90838 allowed for OMHCs only)",MH/SUD/GAM,,"03, 11, 12, 22, 53, 71, 72",No,No,No,Yes,Yes,Yes,Yes,Yes,Yes,No,No,No,No,N/C,N/C,N/C,Yes,No,Yes,No,Yes,Yes,N/C,N/C,N/C,N/C,Carelon BH,,X,
,TIN,,,99215,UB,,,"90833
90836
90838
99417","UB
UB
UB
UB",,,"Med Eval/Mgmt. with Individual Psychotherapy (Add on codes add 30 or 45 or 60 Minutes) 
(90838 allowed for OMHCs only)",MH/SUD/GAM,,"03, 11, 12, 22, 53, 71, 72",No,No,No,Yes,Yes,Yes,Yes,Yes,Yes,No,No,No,No,N/C,N/C,N/C,Yes,No,Yes,No,Yes,Yes,N/C,N/C,N/C,N/C,Carelon BH,,X,
,TIN,,,90834,,,,,,,,Individual Psychotherapy (45 Minutes),MH/SUD/GAM,,"03, 11, 12, 21, 22, 31, 32, 51, 53
(POS 21/51 not cov'd for SUNI fund)",No,No,No,Yes,Yes,Yes,Yes,Yes,Yes,No,No,No,No,N/C,N/C,N/C,Yes,No,Yes,No,Yes,Yes,N/C,N/C,N/C,N/C,"Carelon BH
For POS 21 & 51 only:  Check for facility auth on file (YD hold code). See Additional Info tab.",,X,
,TIN,,,90834,GT,,,,,,,Individual Psychotherapy (45 Minutes) - Telehealth,MH/SUD/GAM,,"03, 11, 12, 21, 22, 31, 32, 51, 53
(POS 21/51 not cov'd for SUNI fund)",No,No,No,Yes,Yes,Yes,Yes,Yes,Yes,No,No,No,No,N/C,N/C,N/C,Yes,No,Yes,No,Yes,Yes,N/C,N/C,N/C,N/C,"Carelon BH
For POS 21 & 51 only:  Check for facility auth on file (YD hold code). See Additional Info tab.",,X,
,TIN,,,90834,UB,,,,,,,Individual Psychotherapy (45 Minutes),MH/SUD/GAM,,"03, 11, 12, 21, 22, 31, 32, 51, 53
(POS 21/51 not cov'd for SUNI fund)",No,No,No,Yes,Yes,Yes,Yes,Yes,Yes,No,No,No,No,N/C,N/C,N/C,Yes,No,Yes,No,Yes,Yes,N/C,N/C,N/C,N/C,"Carelon BH
For POS 21 & 51 only:  Check for facility auth on file (YD hold code). See Additional Info tab.",,X,
,TIN,,,90837,,,,,,,,Individual Psychotherapy (60 Minutes),MH/SUD/GAM,,"03, 11, 12, 21, 22, 31, 32, 51, 53
(POS 21/51 not cov'd for SUNI fund)",No,No,No,Yes,Yes,Yes,Yes,Yes,Yes,No,No,No,No,N/C,N/C,N/C,Yes,No,Yes,No,Yes,Yes,N/C,N/C,N/C,N/C,"Carelon BH
For POS 21 & 51 only:  Check for facility auth on file (YD hold code). See Additional Info tab.",,X,
,TIN,,,90837,GT,,,,,,,Individual Psychotherapy (60 Minutes) - Telehealth,MH/SUD/GAM,,"03, 11, 12, 21, 22, 31, 32, 51, 53
(POS 21/51 not cov'd for SUNI fund)",No,No,No,Yes,Yes,Yes,Yes,Yes,Yes,No,No,No,No,N/C,N/C,N/C,Yes,No,Yes,No,Yes,Yes,N/C,N/C,N/C,N/C,"Carelon BH
For POS 21 & 51 only:  Check for facility auth on file (YD hold code). See Additional Info tab.",,X,
,TIN,,,90837,UB,,,,,,,Individual Psychotherapy (60 Minutes),MH/SUD/GAM,,"03, 11, 12, 21, 22, 31, 32, 51, 53
(POS 21/51 not cov'd for SUNI fund)",No,No,No,Yes,Yes,Yes,Yes,Yes,Yes,No,No,No,No,N/C,N/C,N/C,Yes,No,Yes,No,Yes,Yes,N/C,N/C,N/C,N/C,"Carelon BH
For POS 21 & 51 only:  Check for facility auth on file (YD hold code). See Additional Info tab.",,X,
,TIN,,,90846,,,,,,,,Family Psychotherapy without Patient Present,MH/SUD/GAM,,"03, 11, 12, 21, 22, 51, 53
(POS 21/51 not cov'd for SUNI fund)",No,No,No,Yes,Yes,Yes,Yes,Yes,Yes,No,No,No,No,N/C,N/C,N/C,Yes,No,Yes,No,Yes,Yes,N/C,N/C,N/C,N/C,"Carelon BH
For POS 21 & 51 only:  Check for facility auth on file (YD hold code). See Additional Info tab.",,X,
,TIN,,,90846,GT,,,,,,,Family Psychotherapy without Patient Present - Video Interactive and Video Audio Telecommunications Systems,MH/SUD/GAM,,"03, 11, 12, 21, 22, 51, 53
(POS 21/51 not cov'd for SUNI fund)",No,No,No,Yes,Yes,Yes,Yes,Yes,Yes,No,No,No,No,N/C,N/C,N/C,Yes,No,Yes,No,Yes,Yes,N/C,N/C,N/C,N/C,"Carelon BH
For POS 21 & 51 only:  Check for facility auth on file (YD hold code). See Additional Info tab.",,X,
,TIN,,,90846,UB,,,,,,,Family Psychotherapy without Patient Present,MH/SUD/GAM,,"03, 11, 12, 21, 22, 51, 53
(POS 21/51 not cov'd for SUNI fund)",No,No,No,Yes,Yes,Yes,Yes,Yes,Yes,No,No,No,No,N/C,N/C,N/C,Yes,No,Yes,No,Yes,Yes,N/C,N/C,N/C,N/C,"Carelon BH
For POS 21 & 51 only:  Check for facility auth on file (YD hold code). See Additional Info tab.",,X,
,TIN,,,0914,,,,,,,,Psychiatric/Psychological Services - Individual,MH/SUD,,"11, 12, 22",No,No,No,Yes,Yes,Yes,Yes,No,No,No,No,No,No,N/C,N/C,N/C,Yes,No,Yes,No,N/C,N/C,N/C,N/C,N/C,N/C,Carelon BH,X,,
,TIN,,,0915,,,,,,,,Psychiatric/Psychological Services - Individual,MH/SUD,,"11, 12, 22",No,No,No,Yes,Yes,Yes,Yes,No,No,No,No,No,No,N/C,N/C,N/C,Yes,No,Yes,No,N/C,N/C,N/C,N/C,N/C,N/C,Carelon BH,X,,
,TIN,,,0916,,,,,,,,Psychiatric/Psychological Services - Individual,MH/SUD,,"11, 12, 22",No,No,No,Yes,Yes,Yes,Yes,No,No,No,No,No,No,N/C,N/C,N/C,Yes,No,Yes,No,N/C,N/C,N/C,N/C,N/C,N/C,Carelon BH,X,,
,TIN,,,0917,,,,,,,,Biofeedback,MH/SUD,,"11, 12, 22",No,No,No,Yes,Yes,Yes,Yes,No,No,No,No,No,No,N/C,N/C,N/C,Yes,Yes,Yes,Yes,N/C,N/C,N/C,N/C,N/C,N/C,Carelon BH,X,,
,TIN,,,0510,,,,,,,,Clinic - General,MH/SUD,,"11, 12, 22",No,No,No,Yes,Yes,Yes,Yes,No,No,No,No,No,No,N/C,N/C,N/C,Yes,Yes,Yes,Yes,N/C,N/C,N/C,N/C,N/C,N/C,Carelon BH,X,,
,TIN,,,0513,,,,,,,,Psychiatric Clinic,MH/SUD,,"11, 12, 22",No,No,No,Yes,Yes,Yes,Yes,No,No,No,No,No,No,N/C,N/C,N/C,Yes,No,Yes,No,N/C,N/C,N/C,N/C,N/C,N/C,Carelon BH,X,,
,TIN,,,0919,,,,,,,,OP Behavioral Health Other,MH/SUD,,"11, 12, 22",No,No,No,Yes,Yes,Yes,Yes,No,No,No,No,No,No,N/C,N/C,N/C,Yes,No,Yes,No,N/C,N/C,N/C,N/C,N/C,N/C,Carelon BH,X,,
,TIN,,,0929,,,,,,,,Hospital Based Outpatient Discharge,MH/SUD,,"11, 12, 22",No,No,No,No,No,Yes,Yes,No,No,No,No,No,No,N/C,N/C,N/C,N/C,N/C,Yes,Yes,N/C,N/C,N/C,N/C,N/C,N/C,Carelon BH,X,,
,TIN,,,90847,,,,,,,,Family Psychotherapy with Patient Present,MH/SUD/GAM,,"03, 11, 12, 21, 22, 51, 53
(POS 21/51 not cov'd for SUNI fund)",No,No,No,Yes,Yes,Yes,Yes,Yes,Yes,No,No,No,No,N/C,N/C,N/C,Yes,No,Yes,No,Yes,Yes,N/C,N/C,N/C,N/C,"Carelon BH
For POS 21 & 51 only:  Check for facility auth on file (YD hold code). See Additional Info tab.",,X,
,TIN,,,90847,GT,,,,,,,Family Psychotherapy with Patient Present - Video Interactive and Video Audio Telecommunications Systems,MH/SUD/GAM,,"03, 11, 12, 21, 22, 51, 53
(POS 21/51 not cov'd for SUNI fund)",No,No,No,Yes,Yes,Yes,Yes,Yes,Yes,No,No,No,No,N/C,N/C,N/C,Yes,No,Yes,No,Yes,Yes,N/C,N/C,N/C,N/C,"Carelon BH
For POS 21 & 51 only:  Check for facility auth on file (YD hold code). See Additional Info tab.",,X,
,TIN,,,90847,UB,,,,,,,Family Psychotherapy with Patient Present,MH/SUD/GAM,,"03, 11, 12, 21, 22, 51, 53
(POS 21/51 not cov'd for SUNI fund)",No,No,No,Yes,Yes,Yes,Yes,Yes,Yes,No,No,No,No,N/C,N/C,N/C,Yes,No,Yes,No,Yes,Yes,N/C,N/C,N/C,N/C,"Carelon BH
For POS 21 & 51 only:  Check for facility auth on file (YD hold code). See Additional Info tab.",,X,
,TIN,,,90847,52,,,,,,,Family Psychotherapy with Patient Present - Abbreviated services,MH/SUD/GAM,,"03, 11, 12, 21, 22, 51, 53
(POS 21/51 not cov'd for SUNI fund)",No,No,No,Yes,Yes,Yes,Yes,Yes,Yes,No,No,No,No,N/C,N/C,N/C,Yes,No,Yes,No,Yes,Yes,N/C,N/C,N/C,N/C,"Carelon BH
For POS 21 & 51 only:  Check for facility auth on file (YD hold code). See Additional Info tab.",,X,
,TIN,,,90847,52,UB,,,,,,Family Psychotherapy with Patient Present - Abbreviated services,MH/SUD/GAM,,"03, 11, 12, 21, 22, 51, 53
(POS 21/51 not cov'd for SUNI fund)",No,No,No,Yes,Yes,Yes,Yes,Yes,Yes,No,No,No,No,N/C,N/C,N/C,Yes,No,Yes,No,Yes,Yes,N/C,N/C,N/C,N/C,"Carelon BH
For POS 21 & 51 only:  Check for facility auth on file (YD hold code). See Additional Info tab.",,X,
,TIN,,,90847,52,GT,,,,,,Family Psychotherapy with Patient Present - Abbreviated services - Video Interactive and Video Audio Telecommunications Systems,MH/SUD/GAM,,"03, 11, 12, 21, 22, 51, 53
(POS 21/51 not cov'd for SUNI fund)",No,No,No,Yes,Yes,Yes,Yes,Yes,Yes,No,No,No,No,N/C,N/C,N/C,Yes,No,Yes,No,Yes,Yes,N/C,N/C,N/C,N/C,"Carelon BH
For POS 21 & 51 only:  Check for facility auth on file (YD hold code). See Additional Info tab.",,X,
,TIN,,,90849,,,,,,,,Multiple Family Group,MH/SUD/GAM,,"03, 11, 12, 21, 22, 51, 53
(POS 21/51 not cov'd for SUNI fund)",No,No,No,Yes,Yes,Yes,Yes,Yes,Yes,No,No,No,No,N/C,N/C,N/C,Yes,No,Yes,No,Yes,Yes,N/C,N/C,N/C,N/C,"Carelon BH
For POS 21 & 51 only:  Check for facility auth on file (YD hold code). See Additional Info tab.",,X,
,TIN,,,90849,52,,,,,,,Multiple Family Group - Abbreviated services,MH/SUD/GAM,,"03, 11, 12, 21, 22, 51, 53
(POS 21/51 not cov'd for SUNI fund)",No,No,No,Yes,Yes,Yes,Yes,Yes,Yes,No,No,No,No,N/C,N/C,N/C,Yes,No,Yes,No,Yes,Yes,N/C,N/C,N/C,N/C,"Carelon BH
For POS 21 & 51 only:  Check for facility auth on file (YD hold code). See Additional Info tab.",,X,
,TIN,,,90853,,,,,,,,Group Psychotherapy,MH/SUD/GAM,,"03, 11, 12, 21, 22, 53
(POS 21 not cov'd for SUNI fund)",No,No,No,Yes,Yes,Yes,Yes,Yes,Yes,No,No,No,No,N/C,N/C,N/C,Yes,No,Yes,No,Yes,Yes,N/C,N/C,N/C,N/C,"Carelon BH
For POS 21 only:  Check for facility auth on file (YD hold code). See Additional Info tab.",,X,
,TIN,,,90853,GT,,,,,,,Group Psychotherapy - Telehealth,MH/SUD/GAM,,"03, 11, 12, 21, 22, 53
(POS 21 not cov'd for SUNI fund)",No,No,No,Yes,Yes,Yes,Yes,Yes,Yes,No,No,No,No,N/C,N/C,N/C,Yes,No,Yes,No,Yes,Yes,N/C,N/C,N/C,N/C,"Carelon BH
For POS 21 only:  Check for facility auth on file (YD hold code). See Additional Info tab.",,X,
,TIN,,,90853,21,,,,,,,Group Psychotherapy - Extended,MH/SUD/GAM,,"03, 11, 12, 21, 22, 53
(POS 21 not cov'd for SUNI fund)",No,No,No,Yes,Yes,Yes,Yes,Yes,Yes,No,No,No,No,N/C,N/C,N/C,Yes,No,Yes,No,Yes,Yes,N/C,N/C,N/C,N/C,"Carelon BH
For POS 21 only:  Check for facility auth on file (YD hold code). See Additional Info tab.",,X,
,TIN,,,90853,21,GT,,,,,,Group Psychotherapy - Extended Telehealth,MH/SUD/GAM,,"03, 11, 12, 21, 22, 53
(POS 21 not cov'd for SUNI fund)",No,No,No,Yes,Yes,Yes,Yes,Yes,Yes,No,No,No,No,N/C,N/C,N/C,Yes,No,Yes,No,Yes,Yes,N/C,N/C,N/C,N/C,"Carelon BH
For POS 21 only:  Check for facility auth on file (YD hold code). See Additional Info tab.",,X,
,TIN,,,90875,,,,,,,,Individual psychotherapy w/ Biofeedback,MH/SUD/GAM,,"03, 11, 12, 21, 22, 53
(POS 21 not cov'd for SUNI fund)",No,No,No,Yes,Yes,Yes,Yes,Yes,Yes,No,No,No,No,N/C,N/C,N/C,Yes,Yes,Yes,Yes,Yes,Yes,N/C,N/C,N/C,N/C,"Carelon BH
For POS 21 only:  Check for facility auth on file (YD hold code). See Additional Info tab.",,X,
,TIN,,,90876,,,,,,,,Individual Psychotherapy w/ biofeedback,MH/SUD/GAM,,"03, 11, 12, 21, 22, 53
(POS 21 not cov'd for SUNI fund)",No,No,No,Yes,Yes,Yes,Yes,Yes,Yes,No,No,No,No,N/C,N/C,N/C,Yes,Yes,Yes,Yes,Yes,Yes,N/C,N/C,N/C,N/C,"Carelon BH
For POS 21 only:  Check for facility auth on file (YD hold code). See Additional Info tab.",,X,
,DIS,,,90889,,,,,,,,Outpatient Discharge,MH/SUD,,"03, 11, 12, 21, 22, 53
(POS 21 not cov'd for SUNI fund)",No,No,No,No,No,Yes,Yes,Yes,No,No,No,No,Yes,N/C,N/C,N/C,N/C,N/C,No,No,No,N/C,N/C,N/C,N/C,No,Not required,,X,
,TIN,,,T1015,,,,,,,,FQHC clinic visit/encounter (all inclusive),MH,,"03, 11, 50",No,No,No,Yes,Yes,Yes,Yes,Yes,No,No,No,No,No,N/C,N/C,N/C,Yes,Yes,Yes,Yes,Yes,N/C,N/C,N/C,N/C,N/C,Carelon BH,,X,
,TIN,,,T1015,GT,,,,,,,FQHC clinic visit/encounter (all inclusive) - Telehealth,MH,,"03, 11, 50",No,No,No,Yes,Yes,Yes,Yes,Yes,No,No,No,No,No,N/C,N/C,N/C,Yes,Yes,Yes,Yes,Yes,N/C,N/C,N/C,N/C,N/C,Carelon BH,,X,
,TIN,,,T1015,UB,,,,,,,FQHC clinic visit/encounter (all inclusive),MH,,"03, 11, 50",No,No,No,Yes,Yes,Yes,Yes,Yes,No,No,No,No,No,N/C,N/C,N/C,Yes,Yes,Yes,Yes,Yes,N/C,N/C,N/C,N/C,N/C,Carelon BH,,X,
,TIN,,,T1015,HE,,,,,,,FQHC clinic visit/encounter (all inclusive) - MH Program,MH,,"03, 11, 50",No,No,No,Yes,Yes,Yes,Yes,Yes,No,No,No,No,No,N/C,N/C,N/C,Yes,Yes,Yes,Yes,Yes,N/C,N/C,N/C,N/C,N/C,Carelon BH,,X,
,TIN,,,T1015,HE,GT,,,,,,FQHC clinic visit/encounter (all inclusive) - MH Program,MH,,"03, 11, 50",No,No,No,Yes,Yes,Yes,Yes,Yes,No,No,No,No,No,N/C,N/C,N/C,Yes,Yes,Yes,Yes,Yes,N/C,N/C,N/C,N/C,N/C,Carelon BH,,X,
,TIN,,,T1015,HE,UB,,,,,,FQHC clinic visit/encounter (all inclusive) - MH Program,MH,,"03, 11, 50",No,No,No,Yes,Yes,Yes,Yes,Yes,No,No,No,No,No,N/C,N/C,N/C,Yes,Yes,Yes,Yes,Yes,N/C,N/C,N/C,N/C,N/C,Carelon BH,,X,
,TIN,,,H0016,SC,,,,,,,FQHCs - Alcohol and/or drug services,SUD,,"11, 50, 57, 71, 72",No,No,No,Yes,Yes,Yes,Yes,Yes,No,No,No,No,Yes,N/C,N/C,N/C,Yes,Yes,Yes,Yes,Yes,N/C,N/C,N/C,N/C,Yes,Carelon BH,,X,
,TIN,,,H0016,SC,GT,,,,,,FQHCs - Alcohol and/or drug services,SUD,,"11, 50, 57, 71, 72",No,No,No,Yes,Yes,Yes,Yes,Yes,No,No,No,No,Yes,N/C,N/C,N/C,Yes,Yes,Yes,Yes,Yes,N/C,N/C,N/C,N/C,Yes,Carelon BH,,X,
,TIN,,,H0016,SC,UB,,,,,,FQHCs - Alcohol and/or drug services,SUD,,"11, 50, 57, 71, 72",No,No,No,Yes,Yes,Yes,Yes,Yes,No,No,No,No,Yes,N/C,N/C,N/C,Yes,Yes,Yes,Yes,Yes,N/C,N/C,N/C,N/C,Yes,Carelon BH,,X,
,SU1,,,H0001,SC,,,,,,,FQHCs - Alcohol and/or drug assessment,SUD,,"11, 50, 57, 71, 72",No,No,No,Yes,Yes,Yes,Yes,Yes,No,No,No,No,No,N/C,N/C,N/C,No,No,No,No,No,N/C,N/C,N/C,N/C,N/C,Not required,,X,
,SU1,,,H0001,SC,GT,,,,,,FQHCs - Alcohol and/or drug assessment - Video Interactive and Video Audio Telecommunications Systems,SUD,,"11, 50, 57, 71, 72",No,No,No,Yes,Yes,Yes,Yes,Yes,No,No,No,No,No,N/C,N/C,N/C,No,No,No,No,No,N/C,N/C,N/C,N/C,N/C,Not required,,X,
,SU1,,,H0001,SC,UB,,,,,,FQHCs - Alcohol and/or drug assessment,SUD,,"11, 50, 57, 71, 72",No,No,No,Yes,Yes,Yes,Yes,Yes,No,No,No,No,No,N/C,N/C,N/C,No,No,No,No,No,N/C,N/C,N/C,N/C,N/C,Not required,,X,
,TIN,,,H0015,SC,,,,,,,FQHCs - Alcohol and/or drug; Intensive OP including assessment,SUD,,"11, 50, 57, 71, 72",No,No,No,Yes,Yes,Yes,Yes,Yes,No,No,No,No,Yes,N/C,N/C,N/C,Yes,Yes,Yes,Yes,Yes,N/C,N/C,N/C,N/C,Yes,Carelon BH,,X,
,TIN,,,H0015,SC,GT,,,,,,FQHCs - Alcohol and/or drug; Intensive OP including assessment,SUD,,"11, 50, 57, 71, 72",No,No,No,Yes,Yes,Yes,Yes,Yes,No,No,No,No,Yes,N/C,N/C,N/C,Yes,Yes,Yes,Yes,Yes,N/C,N/C,N/C,N/C,Yes,Carelon BH,,X,
,TIN,,,H0015,SC,UB,,,,,,FQHCs - Alcohol and/or drug; Intensive OP including assessment,SUD,,"11, 50, 57, 71, 72",No,No,No,Yes,Yes,Yes,Yes,Yes,No,No,No,No,Yes,N/C,N/C,N/C,Yes,Yes,Yes,Yes,Yes,N/C,N/C,N/C,N/C,Yes,Carelon BH,,X,
,TIN,,,H0004,SC,,,,,,,FQHCs - Behavior Health Counseling and Therapy,SUD,,"11, 31, 32, 50, 57, 71, 72",No,No,No,Yes,Yes,Yes,Yes,Yes,No,No,No,No,Yes,N/C,N/C,N/C,Yes,Yes,Yes,Yes,Yes,N/C,N/C,N/C,N/C,Yes,Carelon BH,,X,
,TIN,,,H0004,SC,GT,,,,,,FQHCs - Behavior Health Counseling and Therapy - Video Interactive and Video Audio Telecommunications Systems,SUD,,"11, 31, 32, 50, 57, 71, 72",No,No,No,Yes,Yes,Yes,Yes,Yes,No,No,No,No,Yes,N/C,N/C,N/C,Yes,Yes,Yes,Yes,Yes,N/C,N/C,N/C,N/C,Yes,Carelon BH,,X,
,TIN,,,H0004,SC,UB,,,,,,FQHCs - Behavior Health Counseling and Therapy,SUD,,"11, 31, 32, 50, 57, 71, 72",No,No,No,Yes,Yes,Yes,Yes,Yes,No,No,No,No,Yes,N/C,N/C,N/C,Yes,Yes,Yes,Yes,Yes,N/C,N/C,N/C,N/C,Yes,Carelon BH,,X,
,TIN,,,H0005,SC,,,,,,,FQHCS - Alcohol and/or Drug - Group Counseling,SUD,,"11, 50, 57, 71, 72",No,No,No,Yes,Yes,Yes,Yes,Yes,No,No,No,No,Yes,N/C,N/C,N/C,Yes,Yes,Yes,Yes,Yes,N/C,N/C,N/C,N/C,Yes,Carelon BH,,X,
,TIN,,,H0005,SC,UB,,,,,,FQHCS - Alcohol and/or Drug - Group Counseling,SUD,,"11, 50, 57, 71, 72",No,No,No,Yes,Yes,Yes,Yes,Yes,No,No,No,No,Yes,N/C,N/C,N/C,Yes,Yes,Yes,Yes,Yes,N/C,N/C,N/C,N/C,Yes,Carelon BH,,X,
,TIN,,,H0005,SC,GT,,,,,,FQHCS - Alcohol and/or Drug - Group Counseling,SUD,,"11, 50, 57, 71, 72",No,No,No,Yes,Yes,Yes,Yes,Yes,No,No,No,No,Yes,N/C,N/C,N/C,Yes,Yes,Yes,Yes,Yes,N/C,N/C,N/C,N/C,Yes,Carelon BH,,X,
School Based Services,SB1,,,90791,AJ,,,,,,,Psychiatric Diagnostic Interview,MH/SUD,,03,No,No,No,Yes,Yes,No,No,No,No,No,No,No,No,N/C,N/C,N/C,No,No,N/C,N/C,N/C,N/C,N/C,N/C,N/C,N/C,Not Required,,X,
,SB1,,,90791,AH,,,,,,,Psychiatric Diagnostic Interview,MH/SUD,,03,No,No,No,Yes,Yes,No,No,No,No,No,No,No,No,N/C,N/C,N/C,No,No,N/C,N/C,N/C,N/C,N/C,N/C,N/C,N/C,Not Required,,X,
,SB1,,,90791,AJ,GT,,,,,,Psychiatric Diagnostic Interview,MH/SUD,,03,No,No,No,Yes,Yes,No,No,No,No,No,No,No,No,N/C,N/C,N/C,No,No,N/C,N/C,N/C,N/C,N/C,N/C,N/C,N/C,Not Required,,X,
,SB1,,,90791,AH,GT,,,,,,Psychiatric Diagnostic Interview,MH/SUD,,03,No,No,No,Yes,Yes,No,No,No,No,No,No,No,No,N/C,N/C,N/C,No,No,N/C,N/C,N/C,N/C,N/C,N/C,N/C,N/C,Not Required,,X,
,SBS,,,90832,AJ,,,,,,,"Individual psychotherapy
20-30 min",MH/SUD,,03,No,No,No,Yes,Yes,No,No,No,No,No,No,No,No,N/C,N/C,N/C,Yes,Yes,N/C,N/C,N/C,N/C,N/C,N/C,N/C,N/C,Carelon BH,,X,
,SBS,,,90832,AH,,,,,,,"Individual psychotherapy
20-30 min",MH/SUD,,03,No,No,No,Yes,Yes,No,No,No,No,No,No,No,No,N/C,N/C,N/C,Yes,Yes,N/C,N/C,N/C,N/C,N/C,N/C,N/C,N/C,Carelon BH,,X,
,SBS,,,90832,AJ,GT,,,,,,"Individual psychotherapy
20-30 min",MH/SUD,,03,No,No,No,Yes,Yes,No,No,No,No,No,No,No,No,N/C,N/C,N/C,Yes,Yes,N/C,N/C,N/C,N/C,N/C,N/C,N/C,N/C,Carelon BH,,X,
,SBS,,,90832,AH,GT,,,,,,"Individual psychotherapy
20-30 min",MH/SUD,,03,No,No,No,Yes,Yes,No,No,No,No,No,No,No,No,N/C,N/C,N/C,Yes,Yes,N/C,N/C,N/C,N/C,N/C,N/C,N/C,N/C,Carelon BH,,X,
,SBS,,,90834,AJ,,,,,,,"Individual psychotherapy
45-50 min",MH/SUD,,03,No,No,No,Yes,Yes,No,No,No,No,No,No,No,No,N/C,N/C,N/C,Yes,Yes,N/C,N/C,N/C,N/C,N/C,N/C,N/C,N/C,Carelon BH,,X,
,SBS,,,90834,AH,,,,,,,"Individual psychotherapy
45-50 min",MH/SUD,,03,No,No,No,Yes,Yes,No,No,No,No,No,No,No,No,N/C,N/C,N/C,Yes,Yes,N/C,N/C,N/C,N/C,N/C,N/C,N/C,N/C,Carelon BH,,X,
,SBS,,,90834,AJ,GT,,,,,,"Individual psychotherapy
45-50 min",MH/SUD,,03,No,No,No,Yes,Yes,No,No,No,No,No,No,No,No,N/C,N/C,N/C,Yes,Yes,N/C,N/C,N/C,N/C,N/C,N/C,N/C,N/C,Carelon BH,,X,
,SBS,,,90834,AH,GT,,,,,,"Individual psychotherapy
45-50 min",MH/SUD,,03,No,No,No,Yes,Yes,No,No,No,No,No,No,No,No,N/C,N/C,N/C,Yes,Yes,N/C,N/C,N/C,N/C,N/C,N/C,N/C,N/C,Carelon BH,,X,
,SBS,,,90847,AJ,,,,,,,Family psychotherapy 45-60 minutes,MH/SUD,,03,No,No,No,Yes,Yes,No,No,No,No,No,No,No,No,N/C,N/C,N/C,Yes,Yes,N/C,N/C,N/C,N/C,N/C,N/C,N/C,N/C,Carelon BH,,X,
,SBS,,,90847,AH,,,,,,,Family psychotherapy 45-60 minutes,MH/SUD,,03,No,No,No,Yes,Yes,No,No,No,No,No,No,No,No,N/C,N/C,N/C,Yes,Yes,N/C,N/C,N/C,N/C,N/C,N/C,N/C,N/C,Carelon BH,,X,
,SBS,,,90847,AJ,GT,,,,,,Family psychotherapy 45-60 minutes,MH/SUD,,03,No,No,No,Yes,Yes,No,No,No,No,No,No,No,No,N/C,N/C,N/C,Yes,Yes,N/C,N/C,N/C,N/C,N/C,N/C,N/C,N/C,Carelon BH,,X,
,SBS,,,90847,AH,GT,,,,,,Family psychotherapy 45-60 minutes,MH/SUD,,03,No,No,No,Yes,Yes,No,No,No,No,No,No,No,No,N/C,N/C,N/C,Yes,Yes,N/C,N/C,N/C,N/C,N/C,N/C,N/C,N/C,Carelon BH,,X,
,SBS,,,90853,AJ,,,,,,,Group psychotherapy,MH/SUD,,03,No,No,No,Yes,Yes,No,No,No,No,No,No,No,No,N/C,N/C,N/C,Yes,Yes,N/C,N/C,N/C,N/C,N/C,N/C,N/C,N/C,Carelon BH,,X,
,SBS,,,90853,AH,,,,,,,Group psychotherapy,MH/SUD,,03,No,No,No,Yes,Yes,No,No,No,No,No,No,No,No,N/C,N/C,N/C,Yes,Yes,N/C,N/C,N/C,N/C,N/C,N/C,N/C,N/C,Carelon BH,,X,
,SBS,,,90853,AJ,GT,,,,,,Group psychotherapy,MH/SUD,,03,No,No,No,Yes,Yes,No,No,No,No,No,No,No,No,N/C,N/C,N/C,Yes,Yes,N/C,N/C,N/C,N/C,N/C,N/C,N/C,N/C,Carelon BH,,X,
,SBS,,,90853,AH,GT,,,,,,Group psychotherapy,MH/SUD,,03,No,No,No,Yes,Yes,No,No,No,No,No,No,No,No,N/C,N/C,N/C,Yes,Yes,N/C,N/C,N/C,N/C,N/C,N/C,N/C,N/C,Carelon BH,,X,
Gambling,GAM,,,GAMDC,,,,,,,,Gambling discharge,GAM,,"11, 12, 22, 53",No,No,No,No,No,No,No,No,Yes,No,No,No,No,N/C,N/C,N/C,N/C,N/C,N/C,N/C,N/C,Yes,N/C,N/C,N/C,N/C,Carelon BH,,X,
,GAM,,,GAMDC,GT,,,,,,,Gambling discharge,GAM,,"11, 12, 22, 53",No,No,No,No,No,No,No,No,Yes,No,No,No,No,N/C,N/C,N/C,N/C,N/C,N/C,N/C,N/C,Yes,N/C,N/C,N/C,N/C,Carelon BH,,X,
,GAM,,,GAMDC,UB,,,,,,,Gambling discharge,GAM,,"11, 12, 22, 53",No,No,No,No,No,No,No,No,Yes,No,No,No,No,N/C,N/C,N/C,N/C,N/C,N/C,N/C,N/C,Yes,N/C,N/C,N/C,N/C,Carelon BH,,X,
Transcranial Magnetic Stimulation (TMS),TMS,,,90867,,,,,,,,Therapeutic Repetitive Transcranial Magnetic Stimulation - planning,MH,,"11, 22",No,No,No,Yes,Yes,Yes,No,Yes,No,No,No,No,Yes,N/C,N/C,N/C,Yes,No,Yes,N/C,Yes,N/C,N/C,N/C,N/C,Yes,Carelon BH,,X,
,TMS,,,90868,,,,,,,,Therapeutic Repetitive Transcranial Magnetic Stimulation - Delivery and management per session,MH,,"11, 22",No,No,No,Yes,Yes,Yes,No,Yes,No,No,No,No,Yes,N/C,N/C,N/C,Yes,No,Yes,N/C,Yes,N/C,N/C,N/C,N/C,Yes,Carelon BH,,X,
,TMS,,,90869,,,,,,,,Therapeutic Repetitive Transcranial Magnetic Stimulation - Subsequent motor threshold re-determination w/delivery and management,MH,,"11, 22",No,No,No,Yes,Yes,Yes,No,Yes,No,No,No,No,Yes,N/C,N/C,N/C,Yes,No,Yes,N/C,Yes,N/C,N/C,N/C,N/C,Yes,Carelon BH,,X,
,TMS,,,99202,25,,,,,,,New patient/expanded examination - separate identifiable E/M service by same physician,MH,,"11, 22",No,No,No,Yes,Yes,Yes,No,Yes,No,No,No,No,Yes,N/C,N/C,N/C,Yes,No,Yes,N/C,Yes,N/C,N/C,N/C,N/C,Yes,Carelon BH,,X,
,TMS,,,99202,25,GT,,,,,,New patient/expanded examination - separate identifiable E/M service by same physician - Telehealth,MH,,"11, 22",No,No,No,Yes,Yes,Yes,No,Yes,No,No,No,No,Yes,N/C,N/C,N/C,Yes,No,Yes,N/C,Yes,N/C,N/C,N/C,N/C,Yes,Carelon BH,,X,
,TMS,,,99203,25,,,,,,,Office or other outpatient visit for the evaluation and management of a new patient - separate identifiable E/M service by same physician,MH,,"11, 22",No,No,No,Yes,Yes,Yes,No,Yes,No,No,No,No,Yes,N/C,N/C,N/C,Yes,No,Yes,N/C,Yes,N/C,N/C,N/C,N/C,Yes,Carelon BH,,X,
,TMS,,,99203,25,GT,,,,,,Office or other outpatient visit for the evaluation and management of a new patient - separate identifiable E/M service by same physician - Telehealth,MH,,"11, 22",No,No,No,Yes,Yes,Yes,No,Yes,No,No,No,No,Yes,N/C,N/C,N/C,Yes,No,Yes,N/C,Yes,N/C,N/C,N/C,N/C,Yes,Carelon BH,,X,
,TMS,,,99204,25,,,,,,,New Patient/comprehensive exam - separate identifiable E/M service by same physician,MH,,"11, 22",No,No,No,Yes,Yes,Yes,No,Yes,No,No,No,No,Yes,N/C,N/C,N/C,Yes,No,Yes,N/C,Yes,N/C,N/C,N/C,N/C,Yes,Carelon BH,,X,
,TMS,,,99204,25,GT,,,,,,New Patient/comprehensive exam - separate identifiable E/M service by same physician - Telehealth,MH,,"11, 22",No,No,No,Yes,Yes,Yes,No,Yes,No,No,No,No,Yes,N/C,N/C,N/C,Yes,No,Yes,N/C,Yes,N/C,N/C,N/C,N/C,Yes,Carelon BH,,X,
,TMS,,,99205,25,,,,,,,New Patient/complex exam - separate identifiable E/M service by same physician,MH,,"11, 22",No,No,No,Yes,Yes,Yes,No,Yes,No,No,No,No,Yes,N/C,N/C,N/C,Yes,No,Yes,N/C,Yes,N/C,N/C,N/C,N/C,Yes,Carelon BH,,X,
,TMS,,,99205,25,GT,,,,,,New Patient/complex exam - separate identifiable E/M service by same physician - Telehealth,MH,,"11, 22",No,No,No,Yes,Yes,Yes,No,Yes,No,No,No,No,Yes,N/C,N/C,N/C,Yes,No,Yes,N/C,Yes,N/C,N/C,N/C,N/C,Yes,Carelon BH,,X,
,TMS,,,99211,25,,,,,,,Established patient/evaluation separate - separate identifiable E/M service by same physician,MH,,"11, 22",No,No,No,Yes,Yes,Yes,No,Yes,No,No,No,No,Yes,N/C,N/C,N/C,Yes,No,Yes,N/C,Yes,N/C,N/C,N/C,N/C,Yes,Carelon BH,,X,
,TMS,,,99211,25,GT,,,,,,Established patient/evaluation separate - separate identifiable E/M service by same physician - Telehealth,MH,,"11, 22",No,No,No,Yes,Yes,Yes,No,Yes,No,No,No,No,Yes,N/C,N/C,N/C,Yes,No,Yes,N/C,Yes,N/C,N/C,N/C,N/C,Yes,Carelon BH,,X,
,TMS,,,99212,25,,,,,,,Established patient/focused examination - separate identifiable E/M service by same physician,MH,,"11, 22",No,No,No,Yes,Yes,Yes,No,Yes,No,No,No,No,Yes,N/C,N/C,N/C,Yes,No,Yes,N/C,Yes,N/C,N/C,N/C,N/C,Yes,Carelon BH,,X,
,TMS,,,99212,25,GT,,,,,,Established patient/focused examination - separate identifiable E/M service by same physician - Telehealth,MH,,"11, 22",No,No,No,Yes,Yes,Yes,No,Yes,No,No,No,No,Yes,N/C,N/C,N/C,Yes,No,Yes,N/C,Yes,N/C,N/C,N/C,N/C,Yes,Carelon BH,,X,
,TMS,,,99213,25,,,,,,,Established patient/expanded examination - separate identifiable E/M service by same physician,MH,,"11, 22",No,No,No,Yes,Yes,Yes,No,Yes,No,No,No,No,Yes,N/C,N/C,N/C,Yes,No,Yes,N/C,Yes,N/C,N/C,N/C,N/C,Yes,Carelon BH,,X,
,TMS,,,99213,25,GT,,,,,,Established patient/expanded examination - separate identifiable E/M service by same physician - Telehealth,MH,,"11, 22",No,No,No,Yes,Yes,Yes,No,Yes,No,No,No,No,Yes,N/C,N/C,N/C,Yes,No,Yes,N/C,Yes,N/C,N/C,N/C,N/C,Yes,Carelon BH,,X,
,TMS,,,99214,25,,,,,,,Office or other outpatient visit for the evaluation and management of an established patient - separate identifiable E/M service by same physician,MH,,"11, 22",No,No,No,Yes,Yes,Yes,No,Yes,No,No,No,No,Yes,N/C,N/C,N/C,Yes,No,Yes,N/C,Yes,N/C,N/C,N/C,N/C,Yes,Carelon BH,,X,
,TMS,,,99214,25,GT,,,,,,Office or other outpatient visit for the evaluation and management of an established patient - separate identifiable E/M service by same physician - Telehealth,MH,,"11, 22",No,No,No,Yes,Yes,Yes,No,Yes,No,No,No,No,Yes,N/C,N/C,N/C,Yes,No,Yes,N/C,Yes,N/C,N/C,N/C,N/C,Yes,Carelon BH,,X,
,TMS,,,99215,25,,,,,,,Established patient/comprehensive examination - separate identifiable E/M service by same physician,MH,,"11, 22",No,No,No,Yes,Yes,Yes,No,Yes,No,No,No,No,Yes,N/C,N/C,N/C,Yes,No,Yes,N/C,Yes,N/C,N/C,N/C,N/C,Yes,Carelon BH,,X,
,TMS,,,99215,25,GT,,,,,,Established patient/comprehensive examination - separate identifiable E/M service by same physician - Telehealth,MH,,"11, 22",No,No,No,Yes,Yes,Yes,No,Yes,No,No,No,No,Yes,N/C,N/C,N/C,Yes,No,Yes,N/C,Yes,N/C,N/C,N/C,N/C,Yes,Carelon BH,,X,
Mental Health Service Plan,MSP,,,H0032,,,,,,,,Mental Health Service Plan Development by Non Physician,MH,,"03, 11, 12, 22, 31, 32, 33, 53, 62, 71, 72",No,No,No,Yes,Yes,Yes,Yes,Yes,No,No,No,No,No,N/C,N/C,N/C,No,No,No,No,No,N/C,N/C,N/C,N/C,N/C,Not required,,X,
,MSP,,,H0032,GT,,,,,,,Mental Health Service Plan Development by Non Physician - Telehealth,MH,,"03, 11, 12, 22, 31, 32, 33, 53, 62, 71, 72",No,No,No,Yes,Yes,Yes,Yes,Yes,No,No,No,No,No,N/C,N/C,N/C,No,No,No,No,No,N/C,N/C,N/C,N/C,N/C,Not required,,X,
,MSP,,,H0032,UB,,,,,,,Mental Health Service Plan Development by Non Physician,MH,,"03, 11, 12, 22, 31, 32, 33, 53, 62, 71, 72",No,No,No,Yes,Yes,Yes,Yes,Yes,No,No,No,No,No,N/C,N/C,N/C,No,No,No,No,No,N/C,N/C,N/C,N/C,N/C,Not required,,X,
,MSP,,,0982,,,,,,,,Interdisciplinary team tx planning w/ patient present,MH,,"11, 12, 22",No,No,No,Yes,Yes,Yes,Yes,No,No,No,No,No,No,N/C,N/C,N/C,No,No,No,No,N/C,N/C,N/C,N/C,N/C,N/C,Not required,X,,
Outpatient Psychotherapy Services-Consults,TCN,,,90839,,,,90840,,,,"Psychotherapy for crisis, first 60 minutes",MH/SUD,,"03, 11, 12, 21, 22, 31, 32, 51, 53
(POS 21/51 not cov'd for SUNI fund)",No,No,No,Yes,Yes,Yes,Yes,Yes,No,No,No,No,No,N/C,N/C,N/C,Yes,"No 
Yes for POS 03 only",Yes,"No 
Yes for POS 03 only",Yes,N/C,N/C,N/C,N/C,N/C,Carelon BH,,X,
,TCN,,,90839,GT,,,90840,GT,,,"Psychotherapy for crisis, first 60 minutes",MH/SUD,,"03, 11, 12, 21, 22, 31, 32, 51, 53
(POS 21/51 not cov'd for SUNI fund)",No,No,No,Yes,Yes,Yes,Yes,Yes,No,No,No,No,No,N/C,N/C,N/C,Yes,"No 
Yes for POS 03 only",Yes,"No 
Yes for POS 03 only",Yes,N/C,N/C,N/C,N/C,N/C,Carelon BH,,X,
,TCN,,,90839,UB,,,90840,UB,,,"Psychotherapy for crisis, first 60 minutes",MH/SUD,,"03, 11, 12, 21, 22, 31, 32, 51, 53
(POS 21/51 not cov'd for SUNI fund)",No,No,No,Yes,Yes,Yes,Yes,Yes,No,No,No,No,No,N/C,N/C,N/C,Yes,"No 
Yes for POS 03 only",Yes,"No 
Yes for POS 03 only",Yes,N/C,N/C,N/C,N/C,N/C,Carelon BH,,X,
,TCN,,,99242,,,,"90833
90836
90838",,,,Office Consult - MDs only,MH/SUD,No DX restriction for Non-BH MDs at POS 22 only,"11, 22",No,No,No,Yes,Yes,Yes,Yes,Yes,No,No,No,No,No,N/C,N/C,N/C,Yes,Yes,Yes,Yes,Yes,N/C,N/C,N/C,N/C,N/C,Carelon BH,,X,
,TCN,,,99242,GT,,,"90833
90836
90838","GT
GT
GT",,,Office Consult - MDs only - Via Interactive Audio and Video Telecommunication,MH/SUD,No DX restriction for Non-BH MDs at POS 22 only,"11, 22",No,No,No,Yes,Yes,Yes,Yes,Yes,No,No,No,No,No,N/C,N/C,N/C,Yes,Yes,Yes,Yes,Yes,N/C,N/C,N/C,N/C,N/C,Carelon BH,,X,
,TCN,,,99243,,,,"90833
90836
90838",,,,Office Consult - MDs only,MH/SUD,No DX restriction for Non-BH MDs at POS 22 only,"11, 22",No,No,No,Yes,Yes,Yes,Yes,Yes,No,No,No,No,No,N/C,N/C,N/C,Yes,Yes,Yes,Yes,Yes,N/C,N/C,N/C,N/C,N/C,Carelon BH,,X,
,TCN,,,99243,GT,,,"90833
90836
90838","GT
GT
GT",,,Office Consult - MDs only - Via Interactive Audio and Video Telecommunication,MH/SUD,No DX restriction for Non-BH MDs at POS 22 only,"11, 22",No,No,No,Yes,Yes,Yes,Yes,Yes,No,No,No,No,No,N/C,N/C,N/C,Yes,Yes,Yes,Yes,Yes,N/C,N/C,N/C,N/C,N/C,Carelon BH,,X,
,TCN,,,99244,,,,"90833
90836
90838",,,,Office Consult - MDs only,MH/SUD,No DX restriction for Non-BH MDs at POS 22 only,"11, 22",No,No,No,Yes,Yes,Yes,Yes,Yes,No,No,No,No,No,N/C,N/C,N/C,Yes,Yes,Yes,Yes,Yes,N/C,N/C,N/C,N/C,N/C,Carelon BH,,X,
,TCN,,,99244,GT,,,"90833
90836
90838","GT
GT
GT",,,Office Consult - MDs only - Via Interactive Audio and Video Telecommunication,MH/SUD,No DX restriction for Non-BH MDs at POS 22 only,"11, 22",No,No,No,Yes,Yes,Yes,Yes,Yes,No,No,No,No,No,N/C,N/C,N/C,Yes,Yes,Yes,Yes,Yes,N/C,N/C,N/C,N/C,N/C,Carelon BH,,X,
,TCN,,,99245,,,,"90833
90836
90838
99417",,,,Office Consult - MDs only,MH/SUD,No DX restriction for Non-BH MDs at POS 22 only,"11, 22",No,No,No,Yes,Yes,Yes,Yes,Yes,No,No,No,No,No,N/C,N/C,N/C,Yes,Yes,Yes,Yes,Yes,N/C,N/C,N/C,N/C,N/C,Carelon BH,,X,
,TCN,,,99245,GT,,,"90833
90836
90838
99417","GT
GT
GT
GT",,,Office Consult - MDs only - Via Interactive Audio and Video Telecommunication,MH/SUD,No DX restriction for Non-BH MDs at POS 22 only,"11, 22",No,No,No,Yes,Yes,Yes,Yes,Yes,No,No,No,No,No,N/C,N/C,N/C,Yes,Yes,Yes,Yes,Yes,N/C,N/C,N/C,N/C,N/C,Carelon BH,,X,
,TCN,,,H2027,,,,,,,,Family Psycho-education (Evidence Based Practice)  With Consumer Present,MH/GAM,,"11, 12, 22, 31, 32, 33, 53, 62, 71, 72",No,No,No,Yes,Yes,Yes,Yes,Yes,Yes,No,No,No,No,N/C,N/C,N/C,Yes,Yes,Yes,Yes,Yes,Yes,N/C,N/C,N/C,N/C,Carelon BH,,X,
,TCN,,,H1011,,,,,,,,Family Psycho-education - Without Consumer Present,MH/GAM,,"11, 12, 22, 31, 32, 33, 53, 62, 71, 72",No,No,No,No,No,Yes,Yes,Yes,Yes,No,No,No,No,N/C,N/C,N/C,N/C,N/C,Yes,Yes,Yes,Yes,N/C,N/C,N/C,N/C,Carelon BH,,X,
SUD Services,SD5,,,H0001,,,,,,,,Assessment,SUD/DFR,,"11, 50, 57, 71, 72",No,No,No,Yes,Yes,Yes,Yes,Yes,No,No,No,No,No,N/C,N/C,N/C,No,No,No,No,No,N/C,N/C,N/C,N/C,N/C,Not required,,X,
,SD5,,,H0001,GT,,,,,,,Assessment - Video Interactive and Video Audio Telecommunications Systems,SUD/DFR,,"11, 50, 57, 71, 72",No,No,No,Yes,Yes,Yes,Yes,Yes,No,No,No,No,No,N/C,N/C,N/C,No,No,No,No,No,N/C,N/C,N/C,N/C,N/C,Not required,,X,
,SD5,,,H0001,GA,,,,,,,Assessment,GAM,,"11, 50, 57, 71, 72",No,No,No,No,No,No,No,No,Yes,No,No,No,No,N/C,N/C,N/C,N/C,N/C,N/C,N/C,N/C,No,N/C,N/C,N/C,N/C,Not required,,X,
,SD5,,,H0001,GA,UB,,,,,,Assessment,GAM,,"11, 50, 57, 71, 72",No,No,No,No,No,No,No,No,Yes,No,No,No,No,N/C,N/C,N/C,N/C,N/C,N/C,N/C,N/C,No,N/C,N/C,N/C,N/C,Not required,,X,
,SD5,,,H0001,UB,,,,,,,Assessment,SUD/DFR,,"11, 50, 57, 71, 72",No,No,No,Yes,Yes,Yes,Yes,Yes,No,No,No,No,No,N/C,N/C,N/C,No,No,No,No,No,N/C,N/C,N/C,N/C,N/C,Not required,,X,
,SD5,,,H0001,GT,GA,,,,,,Assessment - Video Interactive and Video Audio Telecommunications Systems,GAM,,"11, 50, 57, 71, 72",No,No,No,No,No,No,No,No,Yes,No,No,No,No,N/C,N/C,N/C,N/C,N/C,N/C,N/C,N/C,No,N/C,N/C,N/C,N/C,Not required,,X,
Ambulatory Detox,OPD,,,H0014,,,,,,,,Ambulatory Detox,SUD,,"11, 50, 57, 71, 72",No,No,No,Yes,Yes,Yes,Yes,Yes,No,No,No,No,Yes,N/C,N/C,N/C,Yes,Yes,Yes,Yes,Yes,N/C,N/C,N/C,N/C,Yes,Carelon BH,,X,
Individual/Family Therapy (Community Based),SUD,,,H0004,,,,,,,,Individual/Family Therapy - (Community Based),SUD,,"11, 31, 32, 50, 57, 71, 72",No,No,No,Yes,Yes,Yes,Yes,Yes,No,No,No,No,Yes,N/C,N/C,N/C,Yes,Yes,Yes,Yes,Yes,N/C,N/C,N/C,N/C,Yes,Carelon BH,,X,
,SUD,,,H0004,GT,,,,,,,Individual/Family Therapy - (Community Based) - Video Interactive and Video Audio Telecommunications Systems,SUD,,"11, 31, 32, 50, 57, 71, 72",No,No,No,Yes,Yes,Yes,Yes,Yes,No,No,No,No,Yes,N/C,N/C,N/C,Yes,Yes,Yes,Yes,Yes,N/C,N/C,N/C,N/C,Yes,Carelon BH,,X,
,SUD,,,H0004,UB,,,,,,,Individual/Family Therapy - (Community Based),SUD,,"11, 31, 32, 50, 57, 71, 72",No,No,No,Yes,Yes,Yes,Yes,Yes,No,No,No,No,Yes,N/C,N/C,N/C,Yes,Yes,Yes,Yes,Yes,N/C,N/C,N/C,N/C,Yes,Carelon BH,,X,
,SUD,,,H0004,GA,,,,,,,Individual/Family Therapy - (Community Based),GAM,,"11, 31, 32, 50, 57, 71, 72",No,No,No,No,No,No,No,No,Yes,No,No,No,No,N/C,N/C,N/C,N/C,N/C,N/C,N/C,N/C,Yes,N/C,N/C,N/C,N/C,Carelon BH,,X,
,SUD,,,H0004,GT,GA,,,,,,Individual/Family Therapy - (Community Based) - Video Interactive and Video Audio Telecommunications Systems,GAM,,"11, 31, 32, 50, 57, 71, 72",No,No,No,No,No,No,No,No,Yes,No,No,No,No,N/C,N/C,N/C,N/C,N/C,N/C,N/C,N/C,Yes,N/C,N/C,N/C,N/C,Carelon BH,,X,
Group Therapy (Community Based),SUD,,,H0005,,,,,,,,Group Therapy - (Comm Based),SUD,,"11, 50, 57, 71, 72",No,No,No,Yes,Yes,Yes,Yes,Yes,No,No,No,No,Yes,N/C,N/C,N/C,Yes,Yes,Yes,Yes,Yes,N/C,N/C,N/C,N/C,Yes,Carelon BH,,X,
,SUD,,,H0005,GT,,,,,,,Group Therapy - (Comm Based) - Telehealth,SUD,,"11, 50, 57, 71, 72",No,No,No,Yes,Yes,Yes,Yes,Yes,No,No,No,No,Yes,N/C,N/C,N/C,Yes,Yes,Yes,Yes,Yes,N/C,N/C,N/C,N/C,Yes,Carelon BH,,X,
,SUD,,,H0005,UB,,,,,,,Group Therapy - (Comm Based),SUD,,"11, 50, 57, 71, 72",No,No,No,Yes,Yes,Yes,Yes,Yes,No,No,No,No,Yes,N/C,N/C,N/C,Yes,Yes,Yes,Yes,Yes,N/C,N/C,N/C,N/C,Yes,Carelon BH,,X,
,SUD,,,H0005,GA,,,,,,,Group Therapy - (Comm Based),GAM,,"11, 50, 57, 71, 72",No,No,No,No,No,No,No,No,Yes,No,No,No,No,N/C,N/C,N/C,N/C,N/C,N/C,N/C,N/C,Yes,N/C,N/C,N/C,N/C,Carelon BH,,X,
,SUD,,,H0005,GA,GT,,,,,,Group Therapy - (Comm Based),GAM,,"11, 50, 57, 71, 72",No,No,No,No,No,No,No,No,Yes,No,No,No,No,N/C,N/C,N/C,N/C,N/C,N/C,N/C,N/C,Yes,N/C,N/C,N/C,N/C,Carelon BH,,X,
,SUD,,,H0005,GA,UB,,,,,,Group Therapy - (Comm Based),GAM,,"11, 50, 57, 71, 72",No,No,No,No,No,No,No,No,Yes,No,No,No,No,N/C,N/C,N/C,N/C,N/C,N/C,N/C,N/C,Yes,N/C,N/C,N/C,N/C,Carelon BH,,X,
Peer Recovery,PSS,,,H0024,GT,,,,,,,Group Peer Recovery Support Services,SUD,,"03, 11, 15, 50, 57, 71, 72",No,No,No,Yes,Yes,Yes,Yes,Yes,No,No,No,No,No,N/C,N/C,N/C,No,No,No,No,No,N/C,N/C,N/C,N/C,N/C,Not required,,X,
,PSS,,,H0024,,,,,,,,Group Peer Recovery Support Services,SUD,,"03, 11, 15, 50, 57, 71, 72",No,No,No,Yes,Yes,Yes,Yes,Yes,No,No,No,No,No,N/C,N/C,N/C,No,No,No,No,No,N/C,N/C,N/C,N/C,N/C,Not required,,X,
,PSS,,,H0024,SC,,,,,,,Group Peer Recovery Support Services,SUD,,"03, 11, 15, 50, 57, 71, 72",No,No,No,Yes,Yes,Yes,Yes,Yes,No,No,No,No,No,N/C,N/C,N/C,No,No,No,No,No,N/C,N/C,N/C,N/C,N/C,Not required,,X,
,PSS,,,H0024,SC,GT,,,,,,Group Peer Recovery Support Services,SUD,,"03, 11, 15, 50, 57, 71, 72",No,No,No,Yes,Yes,Yes,Yes,Yes,No,No,No,No,No,N/C,N/C,N/C,No,No,No,No,No,N/C,N/C,N/C,N/C,N/C,Not required,,X,
,PSS,,,H0024,SC,UB,,,,,,Group Peer Recovery Support Services,SUD,,"03, 11, 15, 50, 57, 71, 72",No,No,No,Yes,Yes,Yes,Yes,Yes,No,No,No,No,No,N/C,N/C,N/C,No,No,No,No,No,N/C,N/C,N/C,N/C,N/C,Not required,,X,
,PSS,,,H0024,UB,,,,,,,Group Peer Recovery Support Services,SUD,,"03, 11, 15, 50, 57, 71, 72",No,No,No,Yes,Yes,Yes,Yes,Yes,No,No,No,No,No,N/C,N/C,N/C,No,No,No,No,No,N/C,N/C,N/C,N/C,N/C,Not required,,X,
,PSS,,,H0038,GT,,,,,,,Individual Peer Recovery Support Services,SUD,,"03, 11, 15, 50, 57, 71, 72",No,No,No,Yes,Yes,Yes,Yes,Yes,No,No,No,No,No,N/C,N/C,N/C,No,No,No,No,No,N/C,N/C,N/C,N/C,N/C,Not required,,X,
,PSS,,,H0038,,,,,,,,Individual Peer Recovery Support Services,SUD,,"03, 11, 15, 50, 57, 71, 72",No,No,No,Yes,Yes,Yes,Yes,Yes,No,No,No,No,No,N/C,N/C,N/C,No,No,No,No,No,N/C,N/C,N/C,N/C,N/C,Not required,,X,
,PSS,,,H0038,SC,,,,,,,Individual Peer Recovery Support Services,SUD,,"03, 11, 15, 50, 57, 71, 72",No,No,No,Yes,Yes,Yes,Yes,Yes,No,No,No,No,No,N/C,N/C,N/C,No,No,No,No,No,N/C,N/C,N/C,N/C,N/C,Not required,,X,
,PSS,,,H0038,SC,GT,,,,,,Individual Peer Recovery Support Services,SUD,,"03, 11, 15, 50, 57, 71, 72",No,No,No,Yes,Yes,Yes,Yes,Yes,No,No,No,No,No,N/C,N/C,N/C,No,No,No,No,No,N/C,N/C,N/C,N/C,N/C,Not required,,X,
,PSS,,,H0038,SC,UB,,,,,,Individual Peer Recovery Support Services,SUD,,"03, 11, 15, 50, 57, 71, 72",No,No,No,Yes,Yes,Yes,Yes,Yes,No,No,No,No,No,N/C,N/C,N/C,No,No,No,No,No,N/C,N/C,N/C,N/C,N/C,Not required,,X,
,PSS,,,H0038,UB,,,,,,,Individual Peer Recovery Support Services,SUD,,"03, 11, 15, 50, 57, 71, 72",No,No,No,Yes,Yes,Yes,Yes,Yes,No,No,No,No,No,N/C,N/C,N/C,No,No,No,No,No,N/C,N/C,N/C,N/C,N/C,Not required,,X,
Intensive Outpatient (Community Based),IOP,,,H0015,,,,,,,,Intensive Outpatient - (Community Based),SUD,,"11, 50, 57, 71, 72",No,No,No,Yes,Yes,Yes,Yes,Yes,No,No,No,No,Yes,N/C,N/C,N/C,Yes,Yes,Yes,Yes,Yes,N/C,N/C,N/C,N/C,Yes,Carelon BH,,X,
,IOP,,,H0015,GT,,,,,,,Intensive Outpatient - (Community Based) - Telehealth,SUD,,"11, 50, 57, 71, 72",No,No,No,Yes,Yes,Yes,Yes,Yes,No,No,No,No,Yes,N/C,N/C,N/C,Yes,Yes,Yes,Yes,Yes,N/C,N/C,N/C,N/C,Yes,Carelon BH,,X,
,IOP,,,H0015,UB,,,,,,,Intensive Outpatient - (Community Based),SUD,,"11, 50, 57, 71, 72",No,No,No,Yes,Yes,Yes,Yes,Yes,No,No,No,No,Yes,N/C,N/C,N/C,Yes,Yes,Yes,Yes,Yes,N/C,N/C,N/C,N/C,Yes,Carelon BH,,X,
,IOP,,,H0015,GA,,,,,,,Intensive Outpatient - (Community Based),GAM,,"11, 50, 57, 71, 72",No,No,No,No,No,No,No,No,Yes,No,No,No,No,N/C,N/C,N/C,N/C,N/C,N/C,N/C,N/C,Yes,N/C,N/C,N/C,N/C,Carelon BH,,X,
Partial Hospitalization (Community Based),SHP,,,H2036,,,,,,,,Partial Hospitalization (Community Based),SUD,,"11, 50, 57, 71, 72",No,No,No,Yes,Yes,Yes,Yes,Yes,No,No,No,No,Yes,N/C,N/C,N/C,Yes,Yes,Yes,Yes,Yes,N/C,N/C,N/C,N/C,Yes,Carelon BH,,X,
,SHP,,,H2036,GT,,,,,,,Partial Hospitalization (Community Based) - Telehealth,SUD,,"11, 50, 57, 71, 72",No,No,No,Yes,Yes,Yes,Yes,Yes,No,No,No,No,Yes,N/C,N/C,N/C,Yes,Yes,Yes,Yes,Yes,N/C,N/C,N/C,N/C,Yes,Carelon BH,,X,
,SHP,,,H2036,UB,,,,,,,Partial Hospitalization (Community Based),SUD,,"11, 50, 57, 71, 72",No,No,No,Yes,Yes,Yes,Yes,Yes,No,No,No,No,Yes,N/C,N/C,N/C,Yes,Yes,Yes,Yes,Yes,N/C,N/C,N/C,N/C,Yes,Carelon BH,,X,
,SHP,,,H2036,22,,,,,,,Partial Hospitalization (Community Based) Increased Procedural Services,SUD,,"11, 50, 57, 71, 72",No,No,No,Yes,Yes,Yes,Yes,Yes,No,No,No,No,Yes,N/C,N/C,N/C,Yes,Yes,Yes,Yes,Yes,N/C,N/C,N/C,N/C,Yes,Carelon BH,,X,
,SHP,,,H2036,22,GT,,,,,,Partial Hospitalization (Community Based) Increased Procedural Services,SUD,,"11, 50, 57, 71, 72",No,No,No,Yes,Yes,Yes,Yes,Yes,No,No,No,No,Yes,N/C,N/C,N/C,Yes,Yes,Yes,Yes,Yes,N/C,N/C,N/C,N/C,Yes,Carelon BH,,X,
,SHP,,,H2036,22,UB,,,,,,Partial Hospitalization (Community Based) Increased Procedural Services,SUD,,"11, 50, 57, 71, 72",No,No,No,Yes,Yes,Yes,Yes,Yes,No,No,No,No,Yes,N/C,N/C,N/C,Yes,Yes,Yes,Yes,Yes,N/C,N/C,N/C,N/C,Yes,Carelon BH,,X,
Methadone Maintenance (Community Based),SUD,,,H0020,,,,,,,,Methadone Maintenance - (Community Based),SUD,,"11, 31, 32, 50, 57, 71, 72",No,No,No,Yes,Yes,Yes,Yes,Yes,No,No,No,No,Yes,N/C,N/C,N/C,Yes,Yes,Yes,Yes,Yes,N/C,N/C,N/C,N/C,Yes,Carelon BH,,X,
,SUD,,,H0020,SC,,,,,,,Methadone Maintenance - (Community Based),SUD,,"11, 31, 32, 50, 57, 71, 72",No,No,No,Yes,Yes,Yes,Yes,Yes,No,No,No,No,Yes,N/C,N/C,N/C,Yes,Yes,Yes,Yes,Yes,N/C,N/C,N/C,N/C,Yes,Carelon BH,,X,
,SUD,,,H0020,HG,,,,,,,Methadone Maintenance - (Community Based) Opioid Addiction Treatment Program,SUD,,"11, 31, 32, 50, 57, 71, 72",No,No,No,Yes,Yes,Yes,Yes,Yes,No,No,No,No,Yes,N/C,N/C,N/C,Yes,Yes,Yes,Yes,Yes,N/C,N/C,N/C,N/C,Yes,Carelon BH,,X,
,SUD,,,H0020,HG,GT,,,,,,Methadone Maintenance - (Community Based) Opioid Addiction Treatment Program,SUD,,"11, 31, 32, 50, 57, 71, 72",No,No,No,Yes,Yes,Yes,Yes,Yes,No,No,No,No,Yes,N/C,N/C,N/C,Yes,Yes,Yes,Yes,Yes,N/C,N/C,N/C,N/C,Yes,Carelon BH,,X,
Methadone Maintenance - Hospital Based,MD2,,,0944,,,,,,,,Methadone Maintenance - (Hosp Based),SUD,,22,No,No,No,Yes,Yes,Yes,No,No,No,No,No,No,Yes,N/C,N/C,N/C,Yes,No,Yes,N/C,N/C,N/C,N/C,N/C,N/C,Yes,Carelon BH,X,,
Inpatient Detox ,IDF,,,"0116, 0126, 0136, 0156",,,,,,,,Inpatient Detox ,SUD,,"21, 51, 55, 56, 99",No,No,No,Yes,Yes,Yes,Yes,No,No,No,No,No,Yes,N/C,N/C,N/C,Yes,Yes,Yes,Yes,N/C,N/C,N/C,N/C,N/C,Yes,Carelon BH,X,,
Hosp OP Drug Rehabilitation,SD2,,,0944,,,,,,,,Hosp OP Drug Rehabilitation,SUD,,22,No,No,No,Yes,Yes,Yes,No,No,No,No,No,No,Yes,N/C,N/C,N/C,Yes,No,Yes,N/C,N/C,N/C,N/C,N/C,N/C,Yes,Carelon BH,X,,
Hosp Alcohol Rehabilitation,SUD,,,0945,,,,,,,,Hosp OP Alcohol Rehabilitation,SUD,,22,No,No,No,Yes,Yes,Yes,No,No,No,No,No,No,Yes,N/C,N/C,N/C,Yes,No,Yes,N/C,N/C,N/C,N/C,N/C,N/C,Yes,Carelon BH,X,,
,SUD,,,99202,HG,,,"90833
90836
90838","HG
HG
HG",,,Evaluation and Management,SUD,,"03, 11, 12, 22, 53, 71, 72",No,No,No,Yes,Yes,Yes,Yes,Yes,No,No,No,No,Yes,N/C,N/C,N/C,Yes,No,Yes,No,Yes,N/C,N/C,N/C,N/C,Yes,Carelon BH,,X,
,SUD,,,99203,HG,,,"90833
90836
90838","HG
HG
HG",,,Evaluation and Management,SUD,,"03, 11, 12, 22, 53, 71, 72",No,No,No,Yes,Yes,Yes,Yes,Yes,No,No,No,No,Yes,N/C,N/C,N/C,Yes,No,Yes,No,Yes,N/C,N/C,N/C,N/C,Yes,Carelon BH,,X,
,SUD,,,99204,HG,,,"90833
90836
90838","HG
HG
HG",,,Evaluation and Management,SUD,,"03, 11, 12, 22, 53, 71, 72",No,No,No,Yes,Yes,Yes,Yes,Yes,No,No,No,No,Yes,N/C,N/C,N/C,Yes,No,Yes,No,Yes,N/C,N/C,N/C,N/C,Yes,Carelon BH,,X,
,SUD,,,99205,HG,,,"90833
90836
90838
99417","HG
HG
HG
HG",,,Evaluation and Management,SUD,,"03, 11, 12, 22, 53, 71, 72",No,No,No,Yes,Yes,Yes,Yes,Yes,No,No,No,No,Yes,N/C,N/C,N/C,Yes,No,Yes,No,Yes,N/C,N/C,N/C,N/C,Yes,Carelon BH,,X,
,SUD,,,99211,HG,,,"90833
90836
90838","HG
HG
HG",,,Evaluation and Management,SUD,,"03, 11, 12, 22, 53, 71, 72",No,No,No,Yes,Yes,Yes,Yes,Yes,No,No,No,No,Yes,N/C,N/C,N/C,Yes,No,Yes,No,Yes,N/C,N/C,N/C,N/C,Yes,Carelon BH,,X,
,SUD,,,99212,HG,,,"90833
90836
90838","HG
HG
HG",,,Evaluation and Management,SUD,,"03, 11, 12, 22, 53, 71, 72",No,No,No,Yes,Yes,Yes,Yes,Yes,No,No,No,No,Yes,N/C,N/C,N/C,Yes,No,Yes,No,Yes,N/C,N/C,N/C,N/C,Yes,Carelon BH,,X,
,SUD,,,99213,HG,,,"90833
90836
90838","HG
HG
HG",,,Evaluation and Management,SUD,,"03, 11, 12, 22, 53, 71, 72",No,No,No,Yes,Yes,Yes,Yes,Yes,No,No,No,No,Yes,N/C,N/C,N/C,Yes,No,Yes,No,Yes,N/C,N/C,N/C,N/C,Yes,Carelon BH,,X,
,SUD,,,99214,HG,,,"90833
90836
90838","HG
HG
HG",,,Evaluation and Management,SUD,,"03, 11, 12, 22, 53, 71, 72",No,No,No,Yes,Yes,Yes,Yes,Yes,No,No,No,No,Yes,N/C,N/C,N/C,Yes,No,Yes,No,Yes,N/C,N/C,N/C,N/C,Yes,Carelon BH,,X,
,SUD,,,99215,HG,,,"90833
90836
90838
99417","HG
HG
HG
HG",,,Evaluation and Management,SUD,,"03, 11, 12, 22, 53, 71, 72",No,No,No,Yes,Yes,Yes,Yes,Yes,No,No,No,No,Yes,N/C,N/C,N/C,Yes,No,Yes,No,Yes,N/C,N/C,N/C,N/C,Yes,Carelon BH,,X,
,SUD,,,99202,HG,UB,,"90833
90836
90838","HG
HG
HG","UB
UB
UB",,Evaluation and Management,SUD,,"03, 11, 12, 22, 53, 71, 72",No,No,No,Yes,Yes,Yes,Yes,Yes,No,No,No,No,Yes,N/C,N/C,N/C,Yes,No,Yes,No,Yes,N/C,N/C,N/C,N/C,Yes,Carelon BH,,X,
,SUD,,,99203,HG,UB,,"90833
90836
90838","HG
HG
HG","UB
UB
UB",,Evaluation and Management,SUD,,"03, 11, 12, 22, 53, 71, 72",No,No,No,Yes,Yes,Yes,Yes,Yes,No,No,No,No,Yes,N/C,N/C,N/C,Yes,No,Yes,No,Yes,N/C,N/C,N/C,N/C,Yes,Carelon BH,,X,
,SUD,,,99204,HG,UB,,"90833
90836
90838","HG
HG
HG","UB
UB
UB",,Evaluation and Management,SUD,,"03, 11, 12, 22, 53, 71, 72",No,No,No,Yes,Yes,Yes,Yes,Yes,No,No,No,No,Yes,N/C,N/C,N/C,Yes,No,Yes,No,Yes,N/C,N/C,N/C,N/C,Yes,Carelon BH,,X,
,SUD,,,99205,HG,UB,,"90833
90836
90838
99417","HG
HG
HG
HG","UB
UB
UB
UB",,Evaluation and Management,SUD,,"03, 11, 12, 22, 53, 71, 72",No,No,No,Yes,Yes,Yes,Yes,Yes,No,No,No,No,Yes,N/C,N/C,N/C,Yes,No,Yes,No,Yes,N/C,N/C,N/C,N/C,Yes,Carelon BH,,X,
,SUD,,,99211,HG,UB,,"90833
90836
90838","HG
HG
HG","UB
UB
UB",,Evaluation and Management,SUD,,"03, 11, 12, 22, 53, 71, 72",No,No,No,Yes,Yes,Yes,Yes,Yes,No,No,No,No,Yes,N/C,N/C,N/C,Yes,No,Yes,No,Yes,N/C,N/C,N/C,N/C,Yes,Carelon BH,,X,
,SUD,,,99212,HG,UB,,"90833
90836
90838","HG
HG
HG","UB
UB
UB",,Evaluation and Management,SUD,,"03, 11, 12, 22, 53, 71, 72",No,No,No,Yes,Yes,Yes,Yes,Yes,No,No,No,No,Yes,N/C,N/C,N/C,Yes,No,Yes,No,Yes,N/C,N/C,N/C,N/C,Yes,Carelon BH,,X,
,SUD,,,99213,HG,UB,,"90833
90836
90838","HG
HG
HG","UB
UB
UB",,Evaluation and Management,SUD,,"03, 11, 12, 22, 53, 71, 72",No,No,No,Yes,Yes,Yes,Yes,Yes,No,No,No,No,Yes,N/C,N/C,N/C,Yes,No,Yes,No,Yes,N/C,N/C,N/C,N/C,Yes,Carelon BH,,X,
,SUD,,,99214,HG,UB,,"90833
90836
90838","HG
HG
HG","UB
UB
UB",,Evaluation and Management,SUD,,"03, 11, 12, 22, 53, 71, 72",No,No,No,Yes,Yes,Yes,Yes,Yes,No,No,No,No,Yes,N/C,N/C,N/C,Yes,No,Yes,No,Yes,N/C,N/C,N/C,N/C,Yes,Carelon BH,,X,
,SUD,,,99215,HG,UB,,"90833
90836
90838
99417","HG
HG
HG
HG","UB
UB
UB
UB",,Evaluation and Management,SUD,,"03, 11, 12, 22, 53, 71, 72",No,No,No,Yes,Yes,Yes,Yes,Yes,No,No,No,No,Yes,N/C,N/C,N/C,Yes,No,Yes,No,Yes,N/C,N/C,N/C,N/C,Yes,Carelon BH,,X,
,SUD,,,99202,HG,GT,,"90833
90836
90838","HG
HG
HG","GT
GT
GT",,Evaluation and Management,SUD,,"03, 11, 12, 22, 53, 71, 72",No,No,No,Yes,Yes,Yes,Yes,Yes,No,No,No,No,Yes,N/C,N/C,N/C,Yes,No,Yes,No,Yes,N/C,N/C,N/C,N/C,Yes,Carelon BH,,X,
,SUD,,,99203,HG,GT,,"90833
90836
90838","HG
HG
HG","GT
GT
GT",,Evaluation and Management,SUD,,"03, 11, 12, 22, 53, 71, 72",No,No,No,Yes,Yes,Yes,Yes,Yes,No,No,No,No,Yes,N/C,N/C,N/C,Yes,No,Yes,No,Yes,N/C,N/C,N/C,N/C,Yes,Carelon BH,,X,
,SUD,,,99204,HG,GT,,"90833
90836
90838","HG
HG
HG","GT
GT
GT",,Evaluation and Management,SUD,,"03, 11, 12, 22, 53, 71, 72",No,No,No,Yes,Yes,Yes,Yes,Yes,No,No,No,No,Yes,N/C,N/C,N/C,Yes,No,Yes,No,Yes,N/C,N/C,N/C,N/C,Yes,Carelon BH,,X,
,SUD,,,99205,HG,GT,,"90833
90836
90838
99417","HG
HG
HG
HG","GT
GT
GT
GT",,Evaluation and Management,SUD,,"03, 11, 12, 22, 53, 71, 72",No,No,No,Yes,Yes,Yes,Yes,Yes,No,No,No,No,Yes,N/C,N/C,N/C,Yes,No,Yes,No,Yes,N/C,N/C,N/C,N/C,Yes,Carelon BH,,X,
,SUD,,,99211,HG,GT,,"90833
90836
90838","HG
HG
HG","GT
GT
GT",,Evaluation and Management,SUD,,"03, 11, 12, 22, 53, 71, 72",No,No,No,Yes,Yes,Yes,Yes,Yes,No,No,No,No,Yes,N/C,N/C,N/C,Yes,No,Yes,No,Yes,N/C,N/C,N/C,N/C,Yes,Carelon BH,,X,
,SUD,,,99212,HG,GT,,"90833
90836
90838","HG
HG
HG","GT
GT
GT",,Evaluation and Management,SUD,,"03, 11, 12, 22, 53, 71, 72",No,No,No,Yes,Yes,Yes,Yes,Yes,No,No,No,No,Yes,N/C,N/C,N/C,Yes,No,Yes,No,Yes,N/C,N/C,N/C,N/C,Yes,Carelon BH,,X,
,SUD,,,99213,HG,GT,,"90833
90836
90838","HG
HG
HG","GT
GT
GT",,Evaluation and Management,SUD,,"03, 11, 12, 22, 53, 71, 72",No,No,No,Yes,Yes,Yes,Yes,Yes,No,No,No,No,Yes,N/C,N/C,N/C,Yes,No,Yes,No,Yes,N/C,N/C,N/C,N/C,Yes,Carelon BH,,X,
,SUD,,,99214,HG,GT,,"90833
90836
90838","HG
HG
HG","GT
GT
GT",,Evaluation and Management,SUD,,"03, 11, 12, 22, 53, 71, 72",No,No,No,Yes,Yes,Yes,Yes,Yes,No,No,No,No,Yes,N/C,N/C,N/C,Yes,No,Yes,No,Yes,N/C,N/C,N/C,N/C,Yes,Carelon BH,,X,
,SUD,,,99215,HG,GT,,"90833
90836
90838
99417","HG
HG
HG
HG","GT
GT
GT
GT",,Evaluation and Management,SUD,,"03, 11, 12, 22, 53, 71, 72",No,No,No,Yes,Yes,Yes,Yes,Yes,No,No,No,No,Yes,N/C,N/C,N/C,Yes,No,Yes,No,Yes,N/C,N/C,N/C,N/C,Yes,Carelon BH,,X,
,SUD,,,99202,HG,GA,,"90833
90836
90838","HG
HG
HG","GA
GA
GA",,Evaluation and Management,GAM,,"03, 11, 12, 22, 53, 71, 72",No,No,No,No,No,No,No,No,Yes,No,No,No,No,N/C,N/C,N/C,N/C,N/C,N/C,N/C,N/C,Yes,N/C,N/C,N/C,N/C,Carelon BH,,X,
,SUD,,,99203,HG,GA,,"90833
90836
90838","HG
HG
HG","GA
GA
GA",,Evaluation and Management,GAM,,"03, 11, 12, 22, 53, 71, 72",No,No,No,No,No,No,No,No,Yes,No,No,No,No,N/C,N/C,N/C,N/C,N/C,N/C,N/C,N/C,Yes,N/C,N/C,N/C,N/C,Carelon BH,,X,
,SUD,,,99204,HG,GA,,"90833
90836
90838","HG
HG
HG","GA
GA
GA",,Evaluation and Management,GAM,,"03, 11, 12, 22, 53, 71, 72",No,No,No,No,No,No,No,No,Yes,No,No,No,No,N/C,N/C,N/C,N/C,N/C,N/C,N/C,N/C,Yes,N/C,N/C,N/C,N/C,Carelon BH,,X,
,SUD,,,99205,HG,GA,,"90833
90836
90838
99417","HG
HG
HG
HG","GA
GA
GA
GA",,Evaluation and Management,GAM,,"03, 11, 12, 22, 53, 71, 72",No,No,No,No,No,No,No,No,Yes,No,No,No,No,N/C,N/C,N/C,N/C,N/C,N/C,N/C,N/C,Yes,N/C,N/C,N/C,N/C,Carelon BH,,X,
,SUD,,,99211,HG,GA,,"90833
90836
90838","HG
HG
HG","GA
GA
GA",,Evaluation and Management,GAM,,"03, 11, 12, 22, 53, 71, 72",No,No,No,No,No,No,No,No,Yes,No,No,No,No,N/C,N/C,N/C,N/C,N/C,N/C,N/C,N/C,Yes,N/C,N/C,N/C,N/C,Carelon BH,,X,
,SUD,,,99212,HG,GA,,"90833
90836
90838","HG
HG
HG","GA
GA
GA",,Evaluation and Management,GAM,,"03, 11, 12, 22, 53, 71, 72",No,No,No,No,No,No,No,No,Yes,No,No,No,No,N/C,N/C,N/C,N/C,N/C,N/C,N/C,N/C,Yes,N/C,N/C,N/C,N/C,Carelon BH,,X,
,SUD,,,99213,HG,GA,,"90833
90836
90838","HG
HG
HG","GA
GA
GA",,Evaluation and Management,GAM,,"03, 11, 12, 22, 53, 71, 72",No,No,No,No,No,No,No,No,Yes,No,No,No,No,N/C,N/C,N/C,N/C,N/C,N/C,N/C,N/C,Yes,N/C,N/C,N/C,N/C,Carelon BH,,X,
,SUD,,,99214,HG,GA,,"90833
90836
90838","HG
HG
HG","GA
GA
GA",,Evaluation and Management,GAM,,"03, 11, 12, 22, 53, 71, 72",No,No,No,No,No,No,No,No,Yes,No,No,No,No,N/C,N/C,N/C,N/C,N/C,N/C,N/C,N/C,Yes,N/C,N/C,N/C,N/C,Carelon BH,,X,
,SUD,,,99215,HG,GA,,"90833
90836
90838
99417","HG
HG
HG
HG","GA
GA
GA
GA",,Evaluation and Management,GAM,,"03, 11, 12, 22, 53, 71, 72",No,No,No,No,No,No,No,No,Yes,No,No,No,No,N/C,N/C,N/C,N/C,N/C,N/C,N/C,N/C,Yes,N/C,N/C,N/C,N/C,Carelon BH,,X,
,SUD,,,99202,HG,GA,GT,"90833
90836
90838","HG
HG
HG","GA
GA
GA","GT
GT
GT",Evaluation and Management,GAM,,"03, 11, 12, 22, 53, 71, 72",No,No,No,No,No,No,No,No,Yes,No,No,No,No,N/C,N/C,N/C,N/C,N/C,N/C,N/C,N/C,Yes,N/C,N/C,N/C,N/C,Carelon BH,,X,
,SUD,,,99203,HG,GA,GT,"90833
90836
90838","HG
HG
HG","GA
GA
GA","GT
GT
GT",Evaluation and Management,GAM,,"03, 11, 12, 22, 53, 71, 72",No,No,No,No,No,No,No,No,Yes,No,No,No,No,N/C,N/C,N/C,N/C,N/C,N/C,N/C,N/C,Yes,N/C,N/C,N/C,N/C,Carelon BH,,X,
,SUD,,,99204,HG,GA,GT,"90833
90836
90838","HG
HG
HG","GA
GA
GA","GT
GT
GT",Evaluation and Management,GAM,,"03, 11, 12, 22, 53, 71, 72",No,No,No,No,No,No,No,No,Yes,No,No,No,No,N/C,N/C,N/C,N/C,N/C,N/C,N/C,N/C,Yes,N/C,N/C,N/C,N/C,Carelon BH,,X,
,SUD,,,99205,HG,GA,GT,"90833
90836
90838
99417","HG
HG
HG
HG","GA
GA
GA
GA","GT
GT
GT
GT",Evaluation and Management,GAM,,"03, 11, 12, 22, 53, 71, 72",No,No,No,No,No,No,No,No,Yes,No,No,No,No,N/C,N/C,N/C,N/C,N/C,N/C,N/C,N/C,Yes,N/C,N/C,N/C,N/C,Carelon BH,,X,
,SUD,,,99211,HG,GA,GT,"90833
90836
90838","HG
HG
HG","GA
GA
GA","GT
GT
GT",Evaluation and Management,GAM,,"03, 11, 12, 22, 53, 71, 72",No,No,No,No,No,No,No,No,Yes,No,No,No,No,N/C,N/C,N/C,N/C,N/C,N/C,N/C,N/C,Yes,N/C,N/C,N/C,N/C,Carelon BH,,X,
,SUD,,,99212,HG,GA,GT,"90833
90836
90838","HG
HG
HG","GA
GA
GA","GT
GT
GT",Evaluation and Management,GAM,,"03, 11, 12, 22, 53, 71, 72",No,No,No,No,No,No,No,No,Yes,No,No,No,No,N/C,N/C,N/C,N/C,N/C,N/C,N/C,N/C,Yes,N/C,N/C,N/C,N/C,Carelon BH,,X,
,SUD,,,99213,HG,GA,GT,"90833
90836
90838","HG
HG
HG","GA
GA
GA","GT
GT
GT",Evaluation and Management,GAM,,"03, 11, 12, 22, 53, 71, 72",No,No,No,No,No,No,No,No,Yes,No,No,No,No,N/C,N/C,N/C,N/C,N/C,N/C,N/C,N/C,Yes,N/C,N/C,N/C,N/C,Carelon BH,,X,
,SUD,,,99214,HG,GA,GT,"90833
90836
90838","HG
HG
HG","GA
GA
GA","GT
GT
GT",Evaluation and Management,GAM,,"03, 11, 12, 22, 53, 71, 72",No,No,No,No,No,No,No,No,Yes,No,No,No,No,N/C,N/C,N/C,N/C,N/C,N/C,N/C,N/C,Yes,N/C,N/C,N/C,N/C,Carelon BH,,X,
,SUD,,,99215,HG,GA,GT,"90833
90836
90838
99417","HG
HG
HG
HG","GA
GA
GA
GA","GT
GT
GT
GT",Evaluation and Management,GAM,,"03, 11, 12, 22, 53, 71, 72",No,No,No,No,No,No,No,No,Yes,No,No,No,No,N/C,N/C,N/C,N/C,N/C,N/C,N/C,N/C,Yes,N/C,N/C,N/C,N/C,Carelon BH,,X,
,SUD,,,99211,HG,GA,UB,"90833
90836
90838","HG
HG
HG","GA
GA
GA","UB
UB
UB",Evaluation and Management,GAM,,"03, 11, 12, 22, 53, 71, 72",No,No,No,No,No,No,No,No,Yes,No,No,No,No,N/C,N/C,N/C,N/C,N/C,N/C,N/C,N/C,Yes,N/C,N/C,N/C,N/C,Carelon BH,,X,
,SUD,,,99212,HG,GA,UB,"90833
90836
90838","HG
HG
HG","GA
GA
GA","UB
UB
UB",Evaluation and Management,GAM,,"03, 11, 12, 22, 53, 71, 72",No,No,No,No,No,No,No,No,Yes,No,No,No,No,N/C,N/C,N/C,N/C,N/C,N/C,N/C,N/C,Yes,N/C,N/C,N/C,N/C,Carelon BH,,X,
,SUD,,,99213,HG,GA,UB,"90833
90836
90838","HG
HG
HG","GA
GA
GA","UB
UB
UB",Evaluation and Management,GAM,,"03, 11, 12, 22, 53, 71, 72",No,No,No,No,No,No,No,No,Yes,No,No,No,No,N/C,N/C,N/C,N/C,N/C,N/C,N/C,N/C,Yes,N/C,N/C,N/C,N/C,Carelon BH,,X,
,SUD,,,99214,HG,GA,UB,"90833
90836
90838","HG
HG
HG","GA
GA
GA","UB
UB
UB",Evaluation and Management,GAM,,"03, 11, 12, 22, 53, 71, 72",No,No,No,No,No,No,No,No,Yes,No,No,No,No,N/C,N/C,N/C,N/C,N/C,N/C,N/C,N/C,Yes,N/C,N/C,N/C,N/C,Carelon BH,,X,
,SUD,,,99215,HG,GA,UB,"90833
90836
90838
99417","HG
HG
HG
HG","GA
GA
GA
GA","UB
UB
UB
UB",Evaluation and Management,GAM,,"03, 11, 12, 22, 53, 71, 72",No,No,No,No,No,No,No,No,Yes,No,No,No,No,N/C,N/C,N/C,N/C,N/C,N/C,N/C,N/C,Yes,N/C,N/C,N/C,N/C,Carelon BH,,X,
,DIS,,,90889,HG,,,,,,,Discharge,SUD,,"03, 11, 12, 21, 22, 53
(POS 21 not cov'd for SUNI fund)",No,No,No,No,No,Yes,Yes,Yes,No,No,No,No,Yes,N/C,N/C,N/C,N/C,N/C,No,No,No,N/C,N/C,N/C,N/C,No,Not required,,X,
Hosp OP Behavioral Health Treatments/ Services - General Classification,SUD,,,0900,,,,,,,,Hosp OP Behavioral Health Treatments/Services - General Classification,MH/SUD,,22,No,No,No,Yes,Yes,Yes,No,No,No,No,No,No,Yes,N/C,N/C,N/C,Yes,No,Yes,N/C,N/C,N/C,N/C,N/C,N/C,Yes,Carelon BH,X,,
Urgent Care,SD4,,,0456,,,,,,,,Urgent Care,SUD,,"22, 99",No,No,No,Yes,Yes,Yes,No,No,No,No,No,No,No,N/C,N/C,N/C,No,No,No,N/C,N/C,N/C,N/C,N/C,N/C,N/C,Not required,X,,
Buprenorphine,SUD,,,H0047,,,,,,,,"Buprenorphine - Induction, Ongoing, Medication",SUD,,"11, 31, 32, 50, 57, 71, 72",No,No,No,Yes,Yes,Yes,Yes,Yes,No,No,No,No,Yes,N/C,N/C,N/C,Yes,Yes,Yes,Yes,Yes,N/C,N/C,N/C,N/C,Yes,,,X, 
,SUD,,,H0047,GT,,,,,,,"Buprenorphine - Induction, Ongoing, Medication - Telehealth",SUD,,"11, 31, 32, 50, 57, 71, 72",No,No,No,Yes,Yes,Yes,Yes,Yes,No,No,No,No,Yes,N/C,N/C,N/C,Yes,Yes,Yes,Yes,Yes,N/C,N/C,N/C,N/C,Yes,,,X,
,SUD,,,H0047,SC,,,,,,,"Buprenorphine - Induction, Ongoing, Medication",SUD,,"11, 31, 32, 50, 57, 71, 72",No,No,No,Yes,Yes,Yes,Yes,Yes,No,No,No,No,Yes,N/C,N/C,N/C,Yes,Yes,Yes,Yes,Yes,N/C,N/C,N/C,N/C,Yes,,,X,
,SUD,,,H0047,SC,GT,,,,,,"Buprenorphine - Induction, Ongoing, Medication - Telehealth",SUD,,"11, 31, 32, 50, 57, 71, 72",No,No,No,Yes,Yes,Yes,Yes,Yes,No,No,No,No,Yes,N/C,N/C,N/C,Yes,Yes,Yes,Yes,Yes,N/C,N/C,N/C,N/C,Yes,,,X,
,SD8,,,J0574,,,,,,,,Buprenorphine: Film (8mg),SUD,,"11, 50, 57, 71, 72",No,No,No,Yes,Yes,Yes,Yes,Yes,No,No,No,No,No,N/C,N/C,N/C,No,No,No,No,No,N/C,N/C,N/C,N/C,N/C,Not required,,X,
,SD8,,,J0571,,,,,,,,Subutex 8 mg,SUD,,"11, 50, 57, 71, 72",No,No,No,Yes,Yes,Yes,Yes,Yes,No,No,No,No,No,N/C,N/C,N/C,No,No,No,No,No,N/C,N/C,N/C,N/C,N/C,Not required,,X,
,SD8,,,J0571,51,,,,,,,Subutex 2 mg,SUD,,"11, 50, 57, 71, 72",No,No,No,Yes,Yes,Yes,Yes,Yes,No,No,No,No,No,N/C,N/C,N/C,No,No,No,No,No,N/C,N/C,N/C,N/C,N/C,Not required,,X,
,SD8,,,J0572,51,,,,,,,ZUBSOLV 1.4-0.36 MG Tablet,SUD,,"11, 50, 57, 71, 72",No,No,No,Yes,Yes,Yes,Yes,Yes,No,No,No,No,No,N/C,N/C,N/C,No,No,No,No,No,N/C,N/C,N/C,N/C,N/C,Not required,,X,
,SD8,,,J0572,,,,,,,,ZUBSOLV 2.9-0.71 MG Tablet,SUD,,"11, 50, 57, 71, 72",No,No,No,Yes,Yes,Yes,Yes,Yes,No,No,No,No,No,N/C,N/C,N/C,No,No,No,No,No,N/C,N/C,N/C,N/C,N/C,Not required,,X,
,SD8,,,J0572,HF,,,,,,,Bunavail 2.1 - 0.3 mg film,SUD,,"11, 50, 57, 71, 72",No,No,No,Yes,Yes,Yes,Yes,Yes,No,No,No,No,No,N/C,N/C,N/C,No,No,No,No,No,N/C,N/C,N/C,N/C,N/C,Not required,,X,
,SD8,,,J0572,HG,,,,,,,Bunavail 2.1 - 0.3 mg film,SUD,,"11, 50, 57, 71, 72",No,No,No,Yes,Yes,Yes,Yes,Yes,No,No,No,No,No,N/C,N/C,N/C,No,No,No,No,No,N/C,N/C,N/C,N/C,N/C,Not required,,X,
,SD8,,,J0572,SC,,,,,,,Buprenorphine film (suboxone) 2mg,SUD,,"11, 50, 57, 71, 72",No,No,No,Yes,Yes,Yes,Yes,Yes,No,No,No,No,No,N/C,N/C,N/C,No,No,No,No,No,N/C,N/C,N/C,N/C,N/C,Not required,,X,
,SD8,,,J0573,,,,,,,,SUBSOLV 5.7-1.4 MG Tablet,SUD,,"11, 50, 57, 71, 72",No,No,No,Yes,Yes,Yes,Yes,Yes,No,No,No,No,No,N/C,N/C,N/C,No,No,No,No,No,N/C,N/C,N/C,N/C,N/C,Not required,,X,
,SD8,,,J0573,51,,,,,,,Bunavail 4.2 - 0.7 mg film,SUD,,"11, 50, 57, 71, 72",No,No,No,Yes,Yes,Yes,Yes,Yes,No,No,No,No,No,N/C,N/C,N/C,No,No,No,No,No,N/C,N/C,N/C,N/C,N/C,Not required,,X,
,SD8,,,J0573,SC,,,,,,,Bunavail 4.2 - 0.7 mg film,SUD,,"11, 50, 57, 71, 72",No,No,No,Yes,Yes,Yes,Yes,Yes,No,No,No,No,No,N/C,N/C,N/C,No,No,No,No,No,N/C,N/C,N/C,N/C,N/C,Not required,,X,
,SD8,,,J0574,51,,,,,,,Bunavail 6.3 - 1.0 mg film,SUD,,"11, 50, 57, 71, 72",No,No,No,Yes,Yes,Yes,Yes,Yes,No,No,No,No,No,N/C,N/C,N/C,No,No,No,No,No,N/C,N/C,N/C,N/C,N/C,Not required,,X,
,SD8,,,J0574,SC,,,,,,,Bunavail 6.3 - 1.0 mg film,SUD,,"11, 50, 57, 71, 72",No,No,No,Yes,Yes,Yes,Yes,Yes,No,No,No,No,No,N/C,N/C,N/C,No,No,No,No,No,N/C,N/C,N/C,N/C,N/C,Not required,,X,
,SD8,,,Q9991,,,,,,,,Buprenorphine extended-release injection (Sublocade) Less than or equal to 100 mg,SUD,,"11, 50, 57, 71, 72",No,No,No,Yes,Yes,Yes,Yes,Yes,No,No,No,No,No,N/C,N/C,N/C,No,No,No,No,No,N/C,N/C,N/C,N/C,N/C,Not required,,X,
,SD8,,,Q9992,,,,,,,,Buprenorphine extended-release injection (Sublocade) Greater than 100 mg,SUD,,"11, 50, 57, 71, 72",No,No,No,Yes,Yes,Yes,Yes,Yes,No,No,No,No,No,N/C,N/C,N/C,No,No,No,No,No,N/C,N/C,N/C,N/C,N/C,Not required,,X,
,SD8,,,J0577,,,,,,,,"Injection, buprenorphine extended-release (Brixadi), less than or equal to 7 days of therapy",SUD,,"11, 50, 57, 71, 72",No,No,No,Yes,Yes,Yes,Yes,Yes,No,No,No,No,No,N/C,N/C,N/C,No,No,No,No,No,N/C,N/C,N/C,N/C,N/C,Not required,,X,
,SD8,,,J0578,,,,,,,,"Injection, buprenorphine extended-release (Brixadi), greater than 7 days and up to 28 days of therapy",SUD,,"11, 50, 57, 71, 72",No,No,No,Yes,Yes,Yes,Yes,Yes,No,No,No,No,No,N/C,N/C,N/C,No,No,No,No,No,N/C,N/C,N/C,N/C,N/C,Not required,,X,
,SD7,,,H0016,,,,,,,,"Buprenorphine - Induction, Ongoing, Medication",SUD,,"11, 50, 57, 71, 72",No,No,No,Yes,Yes,Yes,Yes,Yes,No,No,No,No,No,N/C,N/C,N/C,No,No,No,No,No,N/C,N/C,N/C,N/C,N/C,Not required,,X,
,SD7,,,H0016,GT,,,,,,,"Buprenorphine - Induction, Ongoing, Medication - Telehealth",SUD,,"11, 50, 57, 71, 72",No,No,No,Yes,Yes,Yes,Yes,Yes,No,No,No,No,No,N/C,N/C,N/C,No,No,No,No,No,N/C,N/C,N/C,N/C,N/C,Not required,,X,
,SD7,,,H0016,UB,,,,,,,"Buprenorphine - Induction, Ongoing, Medication",SUD,,"11, 50, 57, 71, 72",No,No,No,Yes,Yes,Yes,Yes,Yes,No,No,No,No,No,N/C,N/C,N/C,No,No,No,No,No,N/C,N/C,N/C,N/C,N/C,Not required,,X,
Vivitrol,VIV,,,J2315,,,,,,,,Vivitrol,SUD,,"11, 50, 57, 71, 72",No,No,No,Yes,Yes,Yes,Yes,Yes,No,No,No,No,No,N/C,N/C,N/C,No,No,No,No,No,N/C,N/C,N/C,N/C,N/C,Not required,,X,
Case Management Services,CM1,,,H0031,,,,,,,,Case Management Assessment,MH,,"11, 12, 15, 52",No,No,No,Yes,Yes,Yes,Yes,Yes,No,No,No,No,No,N/C,N/C,N/C,No,No,No,No,No,N/C,N/C,N/C,N/C,N/C,Not required,,X,
,CM1,,,H0031,GT,,,,,,,Case Management Assessment - Telehealth,MH,,"11, 12, 15, 52",No,No,No,Yes,Yes,Yes,Yes,Yes,No,No,No,No,No,N/C,N/C,N/C,No,No,No,No,No,N/C,N/C,N/C,N/C,N/C,Not required,,X,
,CM1,,,H0031,UB,,,,,,,Case Management Assessment,MH,,"11, 12, 15, 52",No,No,No,Yes,Yes,Yes,Yes,Yes,No,No,No,No,No,N/C,N/C,N/C,No,No,No,No,No,N/C,N/C,N/C,N/C,N/C,Not required,,X,
,CM2,,,T1016,,,,,,,,Case Management - Daily  ,MH,,"11, 12, 15, 21, 22, 51, 52, 53, 56, 99",No,No,No,Yes,Yes,Yes,Yes,Yes,No,No,No,No,Yes,N/C,N/C,N/C,Yes,Yes,Yes,Yes,Yes,N/C,N/C,N/C,N/C,Yes,Carelon BH,,X,
,CM2,,,T1016,GT,,,,,,,Case Management - Daily - Telehealth,MH,,"11, 12, 15, 21, 22, 51, 52, 53, 56, 99",No,No,No,Yes,Yes,Yes,Yes,Yes,No,No,No,No,Yes,N/C,N/C,N/C,Yes,Yes,Yes,Yes,Yes,N/C,N/C,N/C,N/C,Yes,Carelon BH,,X,
,CM2,,,T1016,UB,,,,,,,Case Management - Daily,MH,,"11, 12, 15, 21, 22, 51, 52, 53, 56, 99",No,No,No,Yes,Yes,Yes,Yes,Yes,No,No,No,No,Yes,N/C,N/C,N/C,Yes,Yes,Yes,Yes,Yes,N/C,N/C,N/C,N/C,Yes,Carelon BH,,X,
,CM3,,,T1016,HW,,,,,,,Transitional Case Management,MH,,"11, 12, 15, 21, 22, 51, 52, 53, 56, 99",No,No,No,No,No,Yes,Yes,Yes,No,No,No,No,Yes,N/C,N/C,N/C,N/C,N/C,Yes,Yes,Yes,N/C,N/C,N/C,N/C,Yes,Carelon BH,,X,
,CM4,,,T1017,,,,,,,,Targeted Case Management - Child,MH,,"11, 12, 15, 21, 22, 51, 52, 53, 56, 99",No,No,No,Yes,Yes,Yes,Yes,Yes,No,No,No,No,Yes,N/C,N/C,N/C,Yes,Yes,Yes,Yes,Yes,N/C,N/C,N/C,N/C,Yes,Carelon BH,,X,
,CM4,,,T1017,GT,,,,,,,Targeted Case Management - Child - Telehealth,MH,,"11, 12, 15, 21, 22, 51, 52, 53, 56, 99",No,No,No,Yes,Yes,Yes,Yes,Yes,No,No,No,No,Yes,N/C,N/C,N/C,Yes,Yes,Yes,Yes,Yes,N/C,N/C,N/C,N/C,Yes,Carelon BH,,X,
,CM4,,,T1017,UB,,,,,,,Targeted Case Management - Child,MH,,"11, 12, 15, 21, 22, 51, 52, 53, 56, 99",No,No,No,Yes,Yes,Yes,Yes,Yes,No,No,No,No,Yes,N/C,N/C,N/C,Yes,Yes,Yes,Yes,Yes,N/C,N/C,N/C,N/C,Yes,Carelon BH,,X,
,CM5,, ,T1017,HA,,,,,,,Targeted Case Management - Child,MH,,"11, 12, 15, 21, 22, 51, 52, 53, 56, 99",No,No,No,Yes,Yes,Yes,Yes,Yes,No,No,No,No,No,N/C,N/C,N/C,No,No,No,No,No,N/C,N/C,N/C,N/C,N/C,Not required,,X,
,TM3,,,T1017,L1,,,,,,,Targeted Case Management - Child- face 2 face,MH,,"11, 12, 15, 21, 22, 51, 52, 53, 56, 99",No,No,No,Yes,Yes,Yes,Yes,Yes,No,No,No,No,Yes,N/C,N/C,N/C,Yes,Yes,Yes,Yes,Yes,N/C,N/C,N/C,N/C,Yes,Carelon BH,,X,
,TM3,,,T1017,L1,GT,,,,,,Targeted Case Management - Child - Telehealth - audio and video (counts as face 2 face),MH,,"11, 12, 15, 21, 22, 51, 52, 53, 56, 99",No,No,No,Yes,Yes,Yes,Yes,Yes,No,No,No,No,Yes,N/C,N/C,N/C,Yes,Yes,Yes,Yes,Yes,N/C,N/C,N/C,N/C,Yes,Carelon BH,,X,
,TM3,,,T1017,L1,UB,,,,,,Targeted Case Management - Child - audio only,MH,,"11, 12, 15, 21, 22, 51, 52, 53, 56, 99",No,No,No,Yes,Yes,Yes,Yes,Yes,No,No,No,No,Yes,N/C,N/C,N/C,Yes,Yes,Yes,Yes,Yes,N/C,N/C,N/C,N/C,Yes,Carelon BH,,X,
,TM4,,,T1017,L2,,,,,,,Targeted Case Management - Child- face 2 face,MH,,"11, 12, 15, 21, 22, 51, 52, 53, 56, 99",No,No,No,Yes,Yes,Yes,Yes,Yes,No,No,No,No,Yes,N/C,N/C,N/C,Yes,Yes,Yes,Yes,Yes,N/C,N/C,N/C,N/C,Yes,Carelon BH,,X,
,TM4,,,T1017,L2,GT,,,,,,Targeted Case Management - Child - Telehealth - audio and video (counts as face 2 face),MH,,"11, 12, 15, 21, 22, 51, 52, 53, 56, 99",No,No,No,Yes,Yes,Yes,Yes,Yes,No,No,No,No,Yes,N/C,N/C,N/C,Yes,Yes,Yes,Yes,Yes,N/C,N/C,N/C,N/C,Yes,Carelon BH,,X,
,TM4,,,T1017,L2,UB,,,,,,Targeted Case Management - Child - audio only,MH,,"11, 12, 15, 21, 22, 51, 52, 53, 56, 99",No,No,No,Yes,Yes,Yes,Yes,Yes,No,No,No,No,Yes,N/C,N/C,N/C,Yes,Yes,Yes,Yes,Yes,N/C,N/C,N/C,N/C,Yes,Carelon BH,,X,
,TM5,,,T1017,L3,,,,,,,Targeted Case Management - Child- face 2 face,MH,,"11, 12, 15, 21, 22, 51, 52, 53, 56, 99",No,No,No,Yes,Yes,Yes,Yes,Yes,No,No,No,No,Yes,N/C,N/C,N/C,Yes,Yes,Yes,Yes,Yes,N/C,N/C,N/C,N/C,Yes,Carelon BH,,X,
,TM5,,,T1017,L3,GT,,,,,,Targeted Case Management - Child - Telehealth - audio and video (counts as face 2 face),MH,,"11, 12, 15, 21, 22, 51, 52, 53, 56, 99",No,No,No,Yes,Yes,Yes,Yes,Yes,No,No,No,No,Yes,N/C,N/C,N/C,Yes,Yes,Yes,Yes,Yes,N/C,N/C,N/C,N/C,Yes,Carelon BH,,X,
,TM5,,,T1017,L3,UB,,,,,,Targeted Case Management - Child - audio only,MH,,"11, 12, 15, 21, 22, 51, 52, 53, 56, 99",No,No,No,Yes,Yes,Yes,Yes,Yes,No,No,No,No,Yes,N/C,N/C,N/C,Yes,Yes,Yes,Yes,Yes,N/C,N/C,N/C,N/C,Yes,Carelon BH,,X,
Therapeutic Behavioral Services,TBS,,,96156,,,,,,,,Health Behavior Assessment or Re-Assessment Non Timed,MH/AUT,,12,No,No,No,Yes,Yes,Yes,Yes,No,No,No,No,No,No,N/C,N/C,N/C,Yes,No,Yes,No,N/C,N/C,N/C,N/C,N/C,N/C,,,X,
,TBS,,,96156,GT,,,,,,,Health Behavior Assessment or Re-Assessment Non Timed - Telehealth,MH/AUT,,12,No,No,No,Yes,Yes,Yes,Yes,No,No,No,No,No,No,N/C,N/C,N/C,Yes,No,Yes,No,N/C,N/C,N/C,N/C,N/C,N/C,,,X,
,TBS,,,96156,UB,,,,,,,Health Behavior Assessment or Re-Assessment Non Timed,MH/AUT,,12,No,No,No,Yes,Yes,Yes,Yes,No,No,No,No,No,No,N/C,N/C,N/C,Yes,No,Yes,No,N/C,N/C,N/C,N/C,N/C,N/C,,,X,
,TBS,,,96158,,,,,,,,"Health Behavior Intervention, Individual, Face to Face, Initial 30 Minutes",MH/AUT,,12,No,No,No,Yes,Yes,Yes,Yes,No,No,No,No,No,No,N/C,N/C,N/C,Yes,No,Yes,No,N/C,N/C,N/C,N/C,N/C,N/C,,,X,
,TBS,,,96158,GT,,,,,,,"Health Behavior Intervention, Individual, Face to Face, Initial 30 Minutes - Telehealth",MH/AUT,,12,No,No,No,Yes,Yes,Yes,Yes,No,No,No,No,No,No,N/C,N/C,N/C,Yes,No,Yes,No,N/C,N/C,N/C,N/C,N/C,N/C,,,X,
,TBS,,,96158,UB,,,,,,,"Health Behavior Intervention, Individual, Face to Face, Initial 30 Minutes",MH/AUT,,12,No,No,No,Yes,Yes,Yes,Yes,No,No,No,No,No,No,N/C,N/C,N/C,Yes,No,Yes,No,N/C,N/C,N/C,N/C,N/C,N/C,,,X,
,TBS,,,96159,,,,,,,,"Health Behavior Intervention, Individual, Face to Face, Each Additional 30 Minutes",MH/AUT,,12,No,No,No,Yes,Yes,Yes,Yes,No,No,No,No,No,No,N/C,N/C,N/C,Yes,No,Yes,No,N/C,N/C,N/C,N/C,N/C,N/C,,,X,
,TBS,,,96159,GT,,,,,,,"Health Behavior Intervention, Individual, Face to Face, Each Additional 30 Minutes - Telehealth",MH/AUT,,12,No,No,No,Yes,Yes,Yes,Yes,No,No,No,No,No,No,N/C,N/C,N/C,Yes,No,Yes,No,N/C,N/C,N/C,N/C,N/C,N/C,,,X,
,TBS,,,96159,UB,,,,,,,"Health Behavior Intervention, Individual, Face to Face, Each Additional 30 Minutes",MH/AUT,,12,No,No,No,Yes,Yes,Yes,Yes,No,No,No,No,No,No,N/C,N/C,N/C,Yes,No,Yes,No,N/C,N/C,N/C,N/C,N/C,N/C,,,X,
"Occupational Therapy Services Inpatient 

Covered for ages 0-20",OCT,,,97530,,,,,,,,"Therapeutic Activities, one on one patient contact, each 15 minutes",MH,,"21, 52
(POS 21 not cov'd for SUNI fund)",No,No,No,Yes,Yes,Yes,Yes,Yes,No,No,No,No,No,N/C,N/C,N/C,No,No,No,No,No,N/C,N/C,N/C,N/C,N/C,Not required. Check for facility auth on file (YD hold code).,,X,
,OCT,,,97535,,,,,,,,"Self Care/Home Management Training, each 15 min.",MH,,"21, 52
(POS 21 not cov'd for SUNI fund)",No,No,No,Yes,Yes,Yes,Yes,Yes,No,No,No,No,No,N/C,N/C,N/C,No,No,No,No,No,N/C,N/C,N/C,N/C,N/C,Not required. Check for facility auth on file (YD hold code).,,X,
,OCT,,,97537,,,,,,,,"Community/Work Reintegration Training, each 15 min.",MH,,"21, 52
(POS 21 not cov'd for SUNI fund)",No,No,No,Yes,Yes,Yes,Yes,Yes,No,No,No,No,No,N/C,N/C,N/C,No,No,No,No,No,N/C,N/C,N/C,N/C,N/C,Not required. Check for facility auth on file (YD hold code).,,X,
"Occupational Therapy Services Outpatient 

Covered for ages 0-20
",OCT,,,97530,,,,,,,,"Therapeutic Activities, one on one patient contact, each 15 minutes",MH,,"11, 15",No,No,No,Yes,Yes,Yes,Yes,Yes,No,No,No,No,No,N/C,N/C,N/C,No,No,No,No,No,N/C,N/C,N/C,N/C,N/C,Not required,,X,
,OCT,,,97535,,,,,,,,"Self Care/Home Management Training, each 15 min.",MH,,"11, 15",No,No,No,Yes,Yes,Yes,Yes,Yes,No,No,No,No,No,N/C,N/C,N/C,No,No,No,No,No,N/C,N/C,N/C,N/C,N/C,Not required,,X,
,OCT,,,97537,,,,,,,,"Community/Work Reintegration Training, each 15 min.",MH,,"11, 15",No,No,No,Yes,Yes,Yes,Yes,Yes,No,No,No,No,No,N/C,N/C,N/C,No,No,No,No,No,N/C,N/C,N/C,N/C,N/C,Not required,,X,
Health Homes ,HHH,01/01/25,,W1760,,,,,,,,"Intake assessment/enrollment: must include the following: demographic information and identifiers, conditions qualifying participants for the Health Home, additional chronic conditions or risk factors, as applicable, baseline health indicators, and social indicators.",MH/SUD,,"11, 15, 49, 52",No,No,No,Yes,Yes,No,No,No,No,No,No,No,No,N/C,N/C,N/C,Yes,Yes,N/C,N/C,N/C,N/C,N/C,N/C,N/C,N/C,Carelon BH,,X,
,HHH,01/01/25,,W1761,,,,,,,,"Monthly services: Reimbursement contingent on provider performing at least two service encounters per month from the following 6 core areas: Comprehensive Care Management, Comprehensive Transitional Care, Care Coordination, Individual and Family Support, Health Promotion, Referral to Community and Social Support",MH/SUD,,"11, 15, 49, 52",No,No,No,Yes,Yes,No,No,No,No,No,No,No,No,N/C,N/C,N/C,Yes,Yes,N/C,N/C,N/C,N/C,N/C,N/C,N/C,N/C,Carelon BH,,X,
,HH1,01/01/25,,W1762,H1,,,,,,,Service Encounter - Comprehensive Care Management ,MH/SUD,,"11, 15, 49, 52",No,No,No,Yes,Yes,No,No,No,No,No,No,No,No,N/C,N/C,N/C,No,No,N/C,N/C,N/C,N/C,N/C,N/C,N/C,N/C,Not required,,X,
,HH1,01/01/25,,W1762,H2,,,,,,,Service Encounter - Care Coordination,MH/SUD,,"11, 15, 49, 52",No,No,No,Yes,Yes,No,No,No,No,No,No,No,No,N/C,N/C,N/C,No,No,N/C,N/C,N/C,N/C,N/C,N/C,N/C,N/C,Not required,,X,
,HH1,01/01/25,,W1762,H3,,,,,,,Service Encounter - Health Promotion,MH/SUD,,"11, 15, 49, 52",No,No,No,Yes,Yes,No,No,No,No,No,No,No,No,N/C,N/C,N/C,No,No,N/C,N/C,N/C,N/C,N/C,N/C,N/C,N/C,Not required,,X,
,HH1,01/01/25,,W1762,H4,,,,,,,Service Encounter - Comprehensive Transitional Care,MH/SUD,,"11, 15, 49, 52",No,No,No,Yes,Yes,No,No,No,No,No,No,No,No,N/C,N/C,N/C,No,No,N/C,N/C,N/C,N/C,N/C,N/C,N/C,N/C,Not required,,X,
,HH1,01/01/25,,W1762,H5,,,,,,,Service Encounter - Individual and Family Support,MH/SUD,,"11, 15, 49, 52",No,No,No,Yes,Yes,No,No,No,No,No,No,No,No,N/C,N/C,N/C,No,No,N/C,N/C,N/C,N/C,N/C,N/C,N/C,N/C,Not required,,X,
,HH1,01/01/25,,W1762,H6,,,,,,,Service Encounter - Referral to Community and Social Support,MH/SUD,,"11, 15, 49, 52",No,No,No,Yes,Yes,No,No,No,No,No,No,No,No,N/C,N/C,N/C,No,No,N/C,N/C,N/C,N/C,N/C,N/C,N/C,N/C,Not required,,X,
Rehabilitation Services,PRP,,,H0002,,,,,,,,Behavioral Health Screening PRP Assessment,MH,,"11, 15, 52",No,No,No,Yes,Yes,Yes,Yes,Yes,No,No,No,No,No,N/C,N/C,N/C,No,No,No,No,No,N/C,N/C,N/C,N/C,N/C,Not required,,X,
,PRP,,,H0002,GT,,,,,,,Behavioral Health Screening PRP Assessment - Telehealth,MH,,"11, 15, 52",No,No,No,Yes,Yes,Yes,Yes,Yes,No,No,No,No,No,N/C,N/C,N/C,No,No,No,No,No,N/C,N/C,N/C,N/C,N/C,Not required,,X,
,PRP,,,H0002,UB,,,,,,,Behavioral Health Screening PRP Assessment,MH,,"11, 15, 52",No,No,No,Yes,Yes,Yes,Yes,Yes,No,No,No,No,No,N/C,N/C,N/C,No,No,No,No,No,N/C,N/C,N/C,N/C,N/C,Not required,,X,
,PR1,,,H2018,U2,,,,,,,"Any Combination of On-Site or Off-Site services for Community PRP client, not living independently (minimum 3 encounters)","MH
(F99 excluded)",,49,No,No,No,Yes,Yes,Yes,Yes,Yes,No,No,No,No,Yes,N/C,N/C,N/C,Yes,Yes,Yes,Yes,Yes,N/C,N/C,N/C,N/C,Yes,Carelon BH,,X,
,PR1,,,H2018,U2,,,,,,,"On-Site services for community PRP Client, not living independently (minimum 2 encounters)","MH
(F99 excluded)",,52,No,No,No,Yes,Yes,Yes,Yes,Yes,No,No,No,No,Yes,N/C,N/C,N/C,Yes,Yes,Yes,Yes,Yes,N/C,N/C,N/C,N/C,Yes,Carelon BH,,X,
,PR1,,,H2018,U2,,,,,,,"Off-Site services for community PRP Client, not living independently (minimum 2 encounters)","MH
(F99 excluded)",,15,No,No,No,Yes,Yes,Yes,Yes,Yes,No,No,No,No,Yes,N/C,N/C,N/C,Yes,Yes,Yes,Yes,Yes,N/C,N/C,N/C,N/C,Yes,Carelon BH,,X,
,PR1,,,H2018,U2,GT,,,,,,"Any Combination of On-Site or Off-Site services for Community PRP client, not living independently (minimum 3 encounters)","MH
(F99 excluded)",,49,No,No,No,Yes,Yes,Yes,Yes,Yes,No,No,No,No,Yes,N/C,N/C,N/C,Yes,Yes,Yes,Yes,Yes,N/C,N/C,N/C,N/C,Yes,Carelon BH,,X,
,PR1,,,H2018,U2,GT,,,,,,"On-Site services for community PRP Client, not living independently (minimum 2 encounters)","MH
(F99 excluded)",,52,No,No,No,Yes,Yes,Yes,Yes,Yes,No,No,No,No,Yes,N/C,N/C,N/C,Yes,Yes,Yes,Yes,Yes,N/C,N/C,N/C,N/C,Yes,Carelon BH,,X,
,PR1,,,H2018,U2,GT,,,,,,"Off-Site services for community PRP Client, not living independently (minimum 2 encounters)","MH
(F99 excluded)",,15,No,No,No,Yes,Yes,Yes,Yes,Yes,No,No,No,No,Yes,N/C,N/C,N/C,Yes,Yes,Yes,Yes,Yes,N/C,N/C,N/C,N/C,Yes,Carelon BH,,X,
,PR1,,,H2018,U2,UB,,,,,,"Any Combination of On-Site or Off-Site services for Community PRP client, not living independently (minimum 3 encounters)","MH
(F99 excluded)",,49,No,No,No,Yes,Yes,Yes,Yes,Yes,No,No,No,No,Yes,N/C,N/C,N/C,Yes,Yes,Yes,Yes,Yes,N/C,N/C,N/C,N/C,Yes,Carelon BH,,X,
,PR1,,,H2018,U2,UB,,,,,,"On-Site services for community PRP Client, not living independently (minimum 2 encounters)","MH
(F99 excluded)",,52,No,No,No,Yes,Yes,Yes,Yes,Yes,No,No,No,No,Yes,N/C,N/C,N/C,Yes,Yes,Yes,Yes,Yes,N/C,N/C,N/C,N/C,Yes,Carelon BH,,X,
,PR1,,,H2018,U2,UB,,,,,,"Off-Site services for community PRP Client, not living independently (minimum 2 encounters)","MH
(F99 excluded)",,15,No,No,No,Yes,Yes,Yes,Yes,Yes,No,No,No,No,Yes,N/C,N/C,N/C,Yes,Yes,Yes,Yes,Yes,N/C,N/C,N/C,N/C,Yes,Carelon BH,,X,
,PR2,,,H2018,U3,,,,,,,"Any Combination of On or Off-Site services for Supported Living Client, living independently (Minimum 6 encounters)","MH
(F99 excluded)",,49,No,No,No,Yes,Yes,Yes,Yes,Yes,No,No,No,No,Yes,N/C,N/C,N/C,Yes,Yes,Yes,Yes,Yes,N/C,N/C,N/C,N/C,Yes,Carelon BH,,X,
,PR2,,,H2018,U3,,,,,,,"Any Combination of On-Site services for Supported Living Client, living independently (Minimum 3 encounters)","MH
(F99 excluded)",,52,No,No,No,Yes,Yes,Yes,Yes,Yes,No,No,No,No,Yes,N/C,N/C,N/C,Yes,Yes,Yes,Yes,Yes,N/C,N/C,N/C,N/C,Yes,Carelon BH,,X,
,PR2,,,H2018,U3,,,,,,,"Any Combination of Off-Site services for Supported Living Client, living independently (Minimum 5 encounters)","MH
(F99 excluded)",,15,No,No,No,Yes,Yes,Yes,Yes,Yes,No,No,No,No,Yes,N/C,N/C,N/C,Yes,Yes,Yes,Yes,Yes,N/C,N/C,N/C,N/C,Yes,Carelon BH,,X,
,PR2,,,H2018,U3,GT,,,,,,"Any Combination of On or Off-Site services for Supported Living Client, living independently (Minimum 6 encounters)","MH
(F99 excluded)",,49,No,No,No,Yes,Yes,Yes,Yes,Yes,No,No,No,No,Yes,N/C,N/C,N/C,Yes,Yes,Yes,Yes,Yes,N/C,N/C,N/C,N/C,Yes,Carelon BH,,X,
,PR2,,,H2018,U3,GT,,,,,,"Any Combination of On-Site services for Supported Living Client, living independently (Minimum 3 encounters)","MH
(F99 excluded)",,52,No,No,No,Yes,Yes,Yes,Yes,Yes,No,No,No,No,Yes,N/C,N/C,N/C,Yes,Yes,Yes,Yes,Yes,N/C,N/C,N/C,N/C,Yes,Carelon BH,,X,
,PR2,,,H2018,U3,GT,,,,,,"Any Combination of Off-Site services for Supported Living Client, living independently (Minimum 5 encounters)","MH
(F99 excluded)",,15,No,No,No,Yes,Yes,Yes,Yes,Yes,No,No,No,No,Yes,N/C,N/C,N/C,Yes,Yes,Yes,Yes,Yes,N/C,N/C,N/C,N/C,Yes,Carelon BH,,X,
,PR2,,,H2018,U3,UB,,,,,,"Any Combination of On or Off-Site services for Supported Living Client, living independently (Minimum 6 encounters)","MH
(F99 excluded)",,49,No,No,No,Yes,Yes,Yes,Yes,Yes,No,No,No,No,Yes,N/C,N/C,N/C,Yes,Yes,Yes,Yes,Yes,N/C,N/C,N/C,N/C,Yes,Carelon BH,,X,
,PR2,,,H2018,U3,UB,,,,,,"Any Combination of On-Site services for Supported Living Client, living independently (Minimum 3 encounters)","MH
(F99 excluded)",,52,No,No,No,Yes,Yes,Yes,Yes,Yes,No,No,No,No,Yes,N/C,N/C,N/C,Yes,Yes,Yes,Yes,Yes,N/C,N/C,N/C,N/C,Yes,Carelon BH,,X,
,PR2,,,H2018,U3,UB,,,,,,"Any Combination of Off-Site services for Supported Living Client, living independently (Minimum 5 encounters)","MH
(F99 excluded)",,15,No,No,No,Yes,Yes,Yes,Yes,Yes,No,No,No,No,Yes,N/C,N/C,N/C,Yes,Yes,Yes,Yes,Yes,N/C,N/C,N/C,N/C,Yes,Carelon BH,,X,
,PR3,,,H2018,U4,,,,,,,On-Site PRP services to General Residential Clients (Minimum 4 Encounters) ,"MH
(F99 excluded)",,52,No,No,No,Yes,Yes,Yes,Yes,Yes,No,No,No,No,Yes,N/C,N/C,N/C,Yes,Yes,Yes,Yes,Yes,N/C,N/C,N/C,N/C,Yes,CSA,,X,
,PR3,,,H2018,U4,,,,,,,Off-Site PRP Services to RRP General Clients (Minimum 13 Encounters),"MH
(F99 excluded)",,15,No,No,No,Yes,Yes,Yes,Yes,Yes,No,No,No,No,Yes,N/C,N/C,N/C,Yes,Yes,Yes,Yes,Yes,N/C,N/C,N/C,N/C,Yes,CSA,,X,
,PR3,,,H2018,U4,GT,,,,,,On-Site PRP services to General Residential Clients (Minimum 4 Encounters) ,"MH
(F99 excluded)",,52,No,No,No,Yes,Yes,Yes,Yes,Yes,No,No,No,No,Yes,N/C,N/C,N/C,Yes,Yes,Yes,Yes,Yes,N/C,N/C,N/C,N/C,Yes,CSA,,X,
,PR3,,,H2018,U4,GT,,,,,,Off-Site PRP Services to RRP General Clients (Minimum 13 Encounters),"MH
(F99 excluded)",,15,No,No,No,Yes,Yes,Yes,Yes,Yes,No,No,No,No,Yes,N/C,N/C,N/C,Yes,Yes,Yes,Yes,Yes,N/C,N/C,N/C,N/C,Yes,CSA,,X,
,PR3,,,H2018,U4,UB,,,,,,On-Site PRP services to General Residential Clients (Minimum 4 Encounters) ,"MH
(F99 excluded)",,52,No,No,No,Yes,Yes,Yes,Yes,Yes,No,No,No,No,Yes,N/C,N/C,N/C,Yes,Yes,Yes,Yes,Yes,N/C,N/C,N/C,N/C,Yes,CSA,,X,
,PR3,,,H2018,U4,UB,,,,,,Off-Site PRP Services to RRP General Clients (Minimum 13 Encounters),"MH
(F99 excluded)",,15,No,No,No,Yes,Yes,Yes,Yes,Yes,No,No,No,No,Yes,N/C,N/C,N/C,Yes,Yes,Yes,Yes,Yes,N/C,N/C,N/C,N/C,Yes,CSA,,X,
,PR4,,,H2018,U5,,,,,,,On-Site PRP Services to RRP Intensive Clients (Minimum 4 Encounters),"MH
(F99 excluded)",,52,No,No,No,Yes,Yes,Yes,Yes,Yes,No,No,No,No,Yes,N/C,N/C,N/C,Yes,Yes,Yes,Yes,Yes,N/C,N/C,N/C,N/C,Yes,CSA,,X,
,PR4,,,H2018,U5,,,,,,,Off-Site PRP Services to RRP Intensive Clients (Minimum 19 Encounters),"MH
(F99 excluded)",,15,No,No,No,Yes,Yes,Yes,Yes,Yes,No,No,No,No,Yes,N/C,N/C,N/C,Yes,Yes,Yes,Yes,Yes,N/C,N/C,N/C,N/C,Yes,CSA,,X,
,PR4,,,H2018,U5,GT,,,,,,On-Site PRP Services to RRP Intensive Clients (Minimum 4 Encounters),"MH
(F99 excluded)",,52,No,No,No,Yes,Yes,Yes,Yes,Yes,No,No,No,No,Yes,N/C,N/C,N/C,Yes,Yes,Yes,Yes,Yes,N/C,N/C,N/C,N/C,Yes,CSA,,X,
,PR4,,,H2018,U5,GT,,,,,,Off-Site PRP Services to RRP Intensive Clients (Minimum 19 Encounters),"MH
(F99 excluded)",,15,No,No,No,Yes,Yes,Yes,Yes,Yes,No,No,No,No,Yes,N/C,N/C,N/C,Yes,Yes,Yes,Yes,Yes,N/C,N/C,N/C,N/C,Yes,CSA,,X,
,PR4,,,H2018,U5,UB,,,,,,On-Site PRP Services to RRP Intensive Clients (Minimum 4 Encounters),"MH
(F99 excluded)",,52,No,No,No,Yes,Yes,Yes,Yes,Yes,No,No,No,No,Yes,N/C,N/C,N/C,Yes,Yes,Yes,Yes,Yes,N/C,N/C,N/C,N/C,Yes,CSA,,X,
,PR4,,,H2018,U5,UB,,,,,,Off-Site PRP Services to RRP Intensive Clients (Minimum 19 Encounters),"MH
(F99 excluded)",,15,No,No,No,Yes,Yes,Yes,Yes,Yes,No,No,No,No,Yes,N/C,N/C,N/C,Yes,Yes,Yes,Yes,Yes,N/C,N/C,N/C,N/C,Yes,CSA,,X,
,PR3,,,H2018,U6,,,,,,,General Residential Combined (Minimum 17 Encounters),"MH
(F99 excluded)",,49,No,No,No,Yes,Yes,Yes,Yes,Yes,No,No,No,No,Yes,N/C,N/C,N/C,Yes,Yes,Yes,Yes,Yes,N/C,N/C,N/C,N/C,Yes,CSA,,X,
,PR3,,,H2018,U6,GT,,,,,,General Residential Combined (Minimum 17 Encounters),"MH
(F99 excluded)",,49,No,No,No,Yes,Yes,Yes,Yes,Yes,No,No,No,No,Yes,N/C,N/C,N/C,Yes,Yes,Yes,Yes,Yes,N/C,N/C,N/C,N/C,Yes,CSA,,X,
,PR3,,,H2018,U6,UB,,,,,,General Residential Combined (Minimum 17 Encounters),"MH
(F99 excluded)",,49,No,No,No,Yes,Yes,Yes,Yes,Yes,No,No,No,No,Yes,N/C,N/C,N/C,Yes,Yes,Yes,Yes,Yes,N/C,N/C,N/C,N/C,Yes,CSA,,X,
,PR4,,,H2018,U7,,,,,,,Intensive Residential Combined (Minimum 23 Encounters),"MH
(F99 excluded)",,49,No,No,No,Yes,Yes,Yes,Yes,Yes,No,No,No,No,Yes,N/C,N/C,N/C,Yes,Yes,Yes,Yes,Yes,N/C,N/C,N/C,N/C,Yes,CSA,,X,
,PR4,,,H2018,U7,GT,,,,,,Intensive Residential Combined (Minimum 23 Encounters),"MH
(F99 excluded)",,49,No,No,No,Yes,Yes,Yes,Yes,Yes,No,No,No,No,Yes,N/C,N/C,N/C,Yes,Yes,Yes,Yes,Yes,N/C,N/C,N/C,N/C,Yes,CSA,,X,
,PR4,,,H2018,U7,UB,,,,,,Intensive Residential Combined (Minimum 23 Encounters),"MH
(F99 excluded)",,49,No,No,No,Yes,Yes,Yes,Yes,Yes,No,No,No,No,Yes,N/C,N/C,N/C,Yes,Yes,Yes,Yes,Yes,N/C,N/C,N/C,N/C,Yes,CSA,,X,
,PR5,,,T1023,,,,,,,,Transitional PRP. Any Combination of on/off site PRP services to adult or TAY consumer transitioning to an RRP or IP Facility.,MH,,49,No,No,No,No,No,Yes,Yes,Yes,No,No,No,No,Yes,N/C,N/C,N/C,N/C,N/C,Yes,Yes,Yes,N/C,N/C,N/C,N/C,Yes,CSA,,X,
,PR5,,,T1023,GT,,,,,,,Transitional PRP. Any Combination of on/off site PRP services to adult or TAY consumer transitioning to an RRP or IP Facility. - Telehealth,MH,,49,No,No,No,No,No,Yes,Yes,Yes,No,No,No,No,Yes,N/C,N/C,N/C,N/C,N/C,Yes,Yes,Yes,N/C,N/C,N/C,N/C,Yes,CSA,,X,
,PR5,,,T1023,UB,,,,,,,Transitional PRP. Any Combination of on/off site PRP services to adult or TAY consumer transitioning to an RRP or IP Facility.,MH,,49,No,No,No,No,No,Yes,Yes,Yes,No,No,No,No,Yes,N/C,N/C,N/C,N/C,N/C,Yes,Yes,Yes,N/C,N/C,N/C,N/C,Yes,CSA,,X,
,PRJ,,,0911,,,,,,,,Psychiatric Rehab - Johns Hopkins PRP,MH,,"21, 22, 51, 56, 99",No,No,No,Yes,Yes,Yes,Yes,No,No,No,No,No,Yes,N/C,N/C,N/C,Yes,Yes,Yes,Yes,N/C,N/C,N/C,N/C,N/C,Yes,Carelon BH,X,,
Hosp OP Behavioral Health Rehabilitation,ENC,,,H2016,,,,,,,,Encounter for PRP,"MH
(F99 excluded)",,"15, 52",No,No,No,Yes,Yes,Yes,Yes,Yes,No,No,No,No,No,N/C,N/C,N/C,No,No,No,No,No,N/C,N/C,N/C,N/C,N/C,Not required,,X,
,ENC,,,H2016,GT,,,,,,,Encounter for PRP - Telehealth,"MH
(F99 excluded)",,"15, 52",No,No,No,Yes,Yes,Yes,Yes,Yes,No,No,No,No,No,N/C,N/C,N/C,No,No,No,No,No,N/C,N/C,N/C,N/C,N/C,Not required,,X,
,ENC,,,H2016,UB,,,,,,,Encounter for PRP,"MH
(F99 excluded)",,"15, 52",No,No,No,Yes,Yes,Yes,Yes,Yes,No,No,No,No,No,N/C,N/C,N/C,No,No,No,No,No,N/C,N/C,N/C,N/C,N/C,Not required,,X,
,EN5,,,H2016,U8,,,,,,,Transitional PRP Encounter,"MH
(F99 excluded)",,"15, 52",No,No,No,Yes,Yes,Yes,Yes,Yes,No,No,No,No,No,N/C,N/C,N/C,No,No,No,No,No,N/C,N/C,N/C,N/C,N/C,Not required,,X,
RRP Bed,RRP,,,H0019,,,,,,,,Residential Bed Hold,MH,,"11, 12, 15, 21, 22, 49, 51, 52, 56, 62, 99
(POS 21/51 not cov'd for SUNI fund)",No,No,No,No,No,Yes,Yes,Yes,No,No,No,No,No,N/C,N/C,N/C,N/C,N/C,Yes,Yes,Yes,N/C,N/C,N/C,N/C,N/C,Carelon BH,,X,
,RRP,,,T2048,,,,,,,,Residential Room and Board,MH,,"11, 12, 15, 21, 22, 49, 51, 52, 56, 62, 99
(POS 21/51 not cov'd for SUNI fund)",No,No,No,No,No,Yes,Yes,Yes,No,No,No,No,No,N/C,N/C,N/C,N/C,N/C,Yes,Yes,Yes,N/C,N/C,N/C,N/C,N/C,Carelon BH,,X,
,RRP,,,T2033,,,,,,,,Specialized Bed-Day Supplement,MH,,"15, 49, 52",No,No,No,No,No,Yes,Yes,Yes,No,No,No,No,No,N/C,N/C,N/C,N/C,N/C,Yes,Yes,Yes,N/C,N/C,N/C,N/C,N/C,Carelon BH,,X,
Enhanced Support Service,HOU,,,S5150,,,,,,,,Enhanced Support,MH,,"12, 15",No,No,No,No,No,Yes,Yes,Yes,No,No,No,No,Yes,N/C,N/C,N/C,N/C,N/C,Yes,Yes,Yes,N/C,N/C,N/C,N/C,Yes,Carelon BH,,X,
Mobile Treatment,MOB,,,H0040,,,,,,,,Mobile Treatment Monthly (Non-Evidence Based),MH,,"11, 12, 15",No,No,No,Yes,No,Yes,No,Yes,No,No,No,No,Yes,N/C,N/C,N/C,Yes,N/C,Yes,N/C,Yes,N/C,N/C,N/C,N/C,Yes,Carelon BH,,X,
,MOB,,,H0040,GT,,,,,,,Mobile Treatment Monthly (Non-Evidence Based) - Telehealth,MH,,"11, 12, 15",No,No,No,Yes,No,Yes,No,Yes,No,No,No,No,Yes,N/C,N/C,N/C,Yes,N/C,Yes,N/C,Yes,N/C,N/C,N/C,N/C,Yes,Carelon BH,,X,
,MOB,,,H0040,UB,,,,,,,Mobile Treatment Monthly (Non-Evidence Based),MH,,"11, 12, 15",No,No,No,Yes,No,Yes,No,Yes,No,No,No,No,Yes,N/C,N/C,N/C,Yes,N/C,Yes,N/C,Yes,N/C,N/C,N/C,N/C,Yes,Carelon BH,,X,
,MOB,,,H0040,52,,,,,,,Mobile Treatment (for Medicare Recipients Monthly),MH,,"11, 12, 15",No,No,No,No,Yes,No,Yes,Yes,No,No,No,No,Yes,N/C,N/C,N/C,N/C,Yes,N/C,Yes,Yes,N/C,N/C,N/C,N/C,Yes,Carelon BH,,X,
,MOB,,,H0040,52,GT,,,,,,Mobile Treatment (for Medicare Recipients Monthly),MH,,"11, 12, 15",No,No,No,No,Yes,No,Yes,Yes,No,No,No,No,Yes,N/C,N/C,N/C,N/C,Yes,N/C,Yes,Yes,N/C,N/C,N/C,N/C,Yes,Carelon BH,,X,
,MOB,,,H0040,52,UB,,,,,,Mobile Treatment (for Medicare Recipients Monthly),MH,,"11, 12, 15",No,No,No,No,Yes,No,Yes,Yes,No,No,No,No,Yes,N/C,N/C,N/C,N/C,Yes,N/C,Yes,Yes,N/C,N/C,N/C,N/C,Yes,Carelon BH,,X,
,MOB,,,H0040,21,,,,,,,Mobile Treatment - ACT (Evidence Based Practice),MH,,"11, 12, 15",No,No,No,Yes,No,Yes,No,Yes,No,No,No,No,Yes,N/C,N/C,N/C,Yes,N/C,Yes,N/C,Yes,N/C,N/C,N/C,N/C,Yes,Carelon BH,,X,
,MOB,,,H0040,21,GT,,,,,,Mobile Treatment - ACT (Evidence Based Practice),MH,,"11, 12, 15",No,No,No,Yes,No,Yes,No,Yes,No,No,No,No,Yes,N/C,N/C,N/C,Yes,N/C,Yes,N/C,Yes,N/C,N/C,N/C,N/C,Yes,Carelon BH,,X,
,MOB,,,H0040,21,UB,,,,,,Mobile Treatment - ACT (Evidence Based Practice),MH,,"11, 12, 15",No,No,No,Yes,No,Yes,No,Yes,No,No,No,No,Yes,N/C,N/C,N/C,Yes,N/C,Yes,N/C,Yes,N/C,N/C,N/C,N/C,Yes,Carelon BH,,X,
,MOB,,,H0040,U9,,,,,,,Mobile Treatment - ACT (for Medicare),MH,,"11, 12, 15",No,No,No,No,Yes,No,Yes,Yes,No,No,No,No,Yes,N/C,N/C,N/C,N/C,Yes,N/C,Yes,Yes,N/C,N/C,N/C,N/C,Yes,Carelon BH,,X,
,MOB,,,H0040,U9,GT,,,,,,Mobile Treatment - ACT (for Medicare),MH,,"11, 12, 15",No,No,No,No,Yes,No,Yes,Yes,No,No,No,No,Yes,N/C,N/C,N/C,N/C,Yes,N/C,Yes,Yes,N/C,N/C,N/C,N/C,Yes,Carelon BH,,X,
,MOB,,,H0040,U9,UB,,,,,,Mobile Treatment - ACT (for Medicare),MH,,"11, 12, 15",No,No,No,No,Yes,No,Yes,Yes,No,No,No,No,Yes,N/C,N/C,N/C,N/C,Yes,N/C,Yes,Yes,N/C,N/C,N/C,N/C,Yes,Carelon BH,,X,
Respite Care,REA,,,H0045,,,,,,,,Respite Care Services - Not in home (per diem),MH,,"11, 52",No,No,No,No,No,Yes,Yes,Yes,No,No,No,No,Yes,N/C,N/C,N/C,N/C,N/C,Yes,Yes,Yes,N/C,N/C,N/C,N/C,Yes,Carelon BH,,X,
,RES,,,T1005,,,,,,,,Respite Care Services - In home,MH,,15,No,No,No,No,No,Yes,Yes,Yes,No,No,No,No,No,N/C,N/C,N/C,N/C,N/C,Yes,Yes,Yes,N/C,N/C,N/C,N/C,N/C,Carelon BH,,X,
Residential Crisis Services,CRS,,,H0018,,,,,,,,Residential Crisis Services,MH,,"11, 12, 15, 21, 51, 52, 56, 62, 99
(POS 21/51 not cov'd for SUNI fund)",No,No,No,No,No,Yes,Yes,Yes,No,No,No,No,No,N/C,N/C,N/C,N/C,N/C,Yes,Yes,Yes,N/C,N/C,N/C,N/C,N/C,Carelon BH,,X,
,CRS,10/01/25,,T2048,,,,,,,,Residential Room and Board,MH,,"11, 12, 15, 21, 22, 49, 51, 52, 56, 62, 99
(POS 21/51 not cov'd for SUNI fund)",No,No,No,No,No,Yes,Yes,Yes,No,No,No,No,No,N/C,N/C,N/C,N/C,N/C,Yes,Yes,Yes,N/C,N/C,N/C,N/C,N/C,Carelon BH,,X,
Supported Employment,IJC,,,H2023,,,,,,,,Supported Employment per 15 minutes (Intensive Job Coaching),MH,,"11, 12, 15, 99",No,No,No,No,No,Yes,Yes,Yes,No,No,No,No,Yes,N/C,N/C,N/C,N/C,N/C,Yes,Yes,Yes,N/C,N/C,N/C,N/C,Yes,CSA,,X,
,IJC,,,H2023,GT,,,,,,,Supported Employment per 15 minutes (Intensive Job Coaching) - Telehealth,MH,,"11, 12, 15, 99",No,No,No,No,No,Yes,Yes,Yes,No,No,No,No,Yes,N/C,N/C,N/C,N/C,N/C,Yes,Yes,Yes,N/C,N/C,N/C,N/C,Yes,CSA,,X,
,IJC,,,H2023,UB,,,,,,,Supported Employment per 15 minutes (Intensive Job Coaching),MH,,"11, 12, 15, 99",No,No,No,No,No,Yes,Yes,Yes,No,No,No,No,Yes,N/C,N/C,N/C,N/C,N/C,Yes,Yes,Yes,N/C,N/C,N/C,N/C,Yes,CSA,,X,
,PPL,,,H2024,,,,,,,,"Supported Employment, Pre-Placement Phase",MH,,"11, 12, 15, 99",No,No,No,No,No,Yes,Yes,Yes,No,No,No,No,Yes,N/C,N/C,N/C,N/C,N/C,Yes,Yes,Yes,N/C,N/C,N/C,N/C,Yes,CSA,,X,
,PPL,,,H2024,GT,,,,,,,"Supported Employment, Pre-Placement Phase - Telehealth",MH,,"11, 12, 15, 99",No,No,No,No,No,Yes,Yes,Yes,No,No,No,No,Yes,N/C,N/C,N/C,N/C,N/C,Yes,Yes,Yes,N/C,N/C,N/C,N/C,Yes,CSA,,X,
,PPL,,,H2024,UB,,,,,,,"Supported Employment, Pre-Placement Phase",MH,,"11, 12, 15, 99",No,No,No,No,No,Yes,Yes,Yes,No,No,No,No,Yes,N/C,N/C,N/C,N/C,N/C,Yes,Yes,Yes,N/C,N/C,N/C,N/C,Yes,CSA,,X,
,JPL,,,H2024,21,,,,,,,"Supported Employment, Job Placement Phase",MH,,"11, 12, 15, 99",No,No,No,No,No,Yes,Yes,Yes,No,No,No,No,Yes,N/C,N/C,N/C,N/C,N/C,Yes,Yes,Yes,N/C,N/C,N/C,N/C,Yes,CSA,,X,
,ESS,,,H2026,,,,,,,,Extended Support Services,MH,,"11, 12, 15, 99",No,No,No,No,No,Yes,Yes,Yes,No,No,No,No,Yes,N/C,N/C,N/C,N/C,N/C,Yes,Yes,Yes,N/C,N/C,N/C,N/C,Yes,CSA,,X,
,ESS,,,H2026,GT,,,,,,,Extended Support Services - Telehealth,MH,,"11, 12, 15, 99",No,No,No,No,No,Yes,Yes,Yes,No,No,No,No,Yes,N/C,N/C,N/C,N/C,N/C,Yes,Yes,Yes,N/C,N/C,N/C,N/C,Yes,CSA,,X,
,ESS,,,H2026,UB,,,,,,,Extended Support Services,MH,,"11, 12, 15, 99",No,No,No,No,No,Yes,Yes,Yes,No,No,No,No,Yes,N/C,N/C,N/C,N/C,N/C,Yes,Yes,Yes,N/C,N/C,N/C,N/C,Yes,CSA,,X,
,ESS,,,H2026,21,,,,,,,Ongoing Support (Evidence Based Practice),MH,,"11, 12, 15, 99",No,No,No,No,No,Yes,Yes,Yes,No,No,No,No,Yes,N/C,N/C,N/C,N/C,N/C,Yes,Yes,Yes,N/C,N/C,N/C,N/C,Yes,CSA,,X,
,ESS,,,H2026,21,GT,,,,,,Ongoing Support (Evidence Based Practice),MH,,"11, 12, 15, 99",No,No,No,No,No,Yes,Yes,Yes,No,No,No,No,Yes,N/C,N/C,N/C,N/C,N/C,Yes,Yes,Yes,N/C,N/C,N/C,N/C,Yes,CSA,,X,
,ESS,,,H2026,21,UB,,,,,,Ongoing Support (Evidence Based Practice),MH,,"11, 12, 15, 99",No,No,No,No,No,Yes,Yes,Yes,No,No,No,No,Yes,N/C,N/C,N/C,N/C,N/C,Yes,Yes,Yes,N/C,N/C,N/C,N/C,Yes,CSA,,X,
,CLC,,,S9445,52,,,,,,,Clinic Coordination (Evidence Based Practice),MH,,"11, 15, 49, 52",No,No,No,No,No,Yes,Yes,Yes,No,No,No,No,Yes,N/C,N/C,N/C,N/C,N/C,Yes,Yes,Yes,N/C,N/C,N/C,N/C,Yes,CSA,,X,
,CLC,,,S9445,52,GT,,,,,,Clinic Coordination (Evidence Based Practice),MH,,"11, 15, 49, 52",No,No,No,No,No,Yes,Yes,Yes,No,No,No,No,Yes,N/C,N/C,N/C,N/C,N/C,Yes,Yes,Yes,N/C,N/C,N/C,N/C,Yes,CSA,,X,
,CLC,,,S9445,52,UB,,,,,,Clinic Coordination (Evidence Based Practice),MH,,"11, 15, 49, 52",No,No,No,No,No,Yes,Yes,Yes,No,No,No,No,Yes,N/C,N/C,N/C,N/C,N/C,Yes,Yes,Yes,N/C,N/C,N/C,N/C,Yes,CSA,,X,
,CLC,,,S9445,,,,,,,,On or Off-Site PRP Services for an Individual in a Supported Employment Program (Minimum 2 Encounters),MH,,"11, 15, 49, 52",No,No,No,Yes,Yes,Yes,Yes,Yes,No,No,No,No,Yes,N/C,N/C,N/C,Yes,Yes,Yes,Yes,Yes,N/C,N/C,N/C,N/C,Yes,CSA,,X,
,CLC,,,S9445,GT,,,,,,,On or Off-Site PRP Services for an Individual in a Supported Employment Program (Minimum 2 Encounters) - Telehealth,MH,,"11, 15, 49, 52",No,No,No,Yes,Yes,Yes,Yes,Yes,No,No,No,No,Yes,N/C,N/C,N/C,Yes,Yes,Yes,Yes,Yes,N/C,N/C,N/C,N/C,Yes,CSA,,X,
,ENS,,,H2016,U1,,,,,,,Encounter for Supported Employment,MH,,"11, 15, 52, 99",No,No,No,Yes,Yes,Yes,Yes,Yes,No,No,No,No,No,N/C,N/C,N/C,No,No,No,No,No,N/C,N/C,N/C,N/C,N/C,Not required,,X,
,ENS,,,H2016,U1,GT,,,,,,Encounter for Supported Employment,MH,,"11, 15, 52, 99",No,No,No,Yes,Yes,Yes,Yes,Yes,No,No,No,No,No,N/C,N/C,N/C,No,No,No,No,No,N/C,N/C,N/C,N/C,N/C,Not required,,X,
,ENS,,,H2016,U1,UB,,,,,,Encounter for Supported Employment,MH,,"11, 15, 52, 99",No,No,No,Yes,Yes,Yes,Yes,Yes,No,No,No,No,No,N/C,N/C,N/C,No,No,No,No,No,N/C,N/C,N/C,N/C,N/C,Not required,,X,
Outpatient ECT,PEC,,,90870,,,,,,,,ECT Single Seizure with Monitoring,MH,,"11, 22, 53",No,No,No,Yes,Yes,Yes,Yes,No,No,No,No,No,No,N/C,N/C,N/C,Yes,No,Yes,No,N/C,N/C,N/C,N/C,N/C,N/C,Carelon BH,,X,
,PAN,,,00104,,,,,,,,Anesthesia for ECT,MH,,"11, 22, 53",No,No,No,Yes,Yes,Yes,Yes,No,No,No,No,No,No,N/C,N/C,N/C,"No 
One unit of anesthesia will be granted per unit of ECT (90870).",No,"No 
One unit of anesthesia will be granted per unit of ECT (90870).",No,N/C,N/C,N/C,N/C,N/C,N/C,Not required,,X,
,POH,,,0901,,,,,,,,ECT Facility,MH,,"11, 22",No,No,No,Yes,Yes,Yes,Yes,No,No,No,No,No,No,N/C,N/C,N/C,"No 
One unit of anesthesia will be granted per unit of ECT (90870).",No,"No 
One unit of anesthesia will be granted per unit of ECT (90870).",No,N/C,N/C,N/C,N/C,N/C,N/C,Not required,X,,
Inpatient ECT Treatment,PEC,,,90870,,,,,,,,ECT Single Seizure,MH,,"21, 51, 52, 56",No,No,No,Yes,Yes,Yes,Yes,No,No,No,No,No,No,N/C,N/C,N/C,Yes,No,Yes,No,N/C,N/C,N/C,N/C,N/C,N/C,Carelon BH,,X,
,PAN,,,00104,,,,,,,,Anesthesia for ECT,MH,,"21, 51, 52, 56",No,No,No,Yes,Yes,Yes,Yes,No,No,No,No,No,No,N/C,N/C,N/C,"No 
One unit of anesthesia will be granted per unit of ECT (90870).",No,"No 
One unit of anesthesia will be granted per unit of ECT (90870).",No,N/C,N/C,N/C,N/C,N/C,N/C,Not required,,X,
,POH,,,0901,,,,,,,,ECT Facility,MH,,"21, 51, 52, 56",No,No,No,Yes,Yes,Yes,Yes,No,No,No,No,No,No,N/C,N/C,N/C,"No 
One unit of anesthesia will be granted per unit of ECT (90870).",No,"No 
One unit of anesthesia will be granted per unit of ECT (90870).",No,N/C,N/C,N/C,N/C,N/C,N/C,Not required,X,,
Psych Testing,TST,,,0918,,,,,,,,Psychological Testing,MH/AUT,,"11, 21, 22, 51, 52, 56, 99",No,No,No,Yes,Yes,Yes,Yes,No,No,No,No,No,Yes,N/C,N/C,N/C,Yes,No,Yes,No,N/C,N/C,N/C,N/C,N/C,Yes,Carelon BH,X,,
,TST,,,96130,,,,96131,,,,Psychological Testing,MH/AUT,,"11, 21, 22, 51, 52, 53, 56, 99
(POS 21/51 not cov'd for SUNI fund)",No,No,No,Yes,Yes,Yes,Yes,Yes,No,No,No,No,Yes,N/C,N/C,N/C,Yes,No,Yes,No,Yes,N/C,N/C,N/C,N/C,Yes,Carelon BH,,X,
,TST,,,96136,,,,96137,,,,Psychological Testing,MH/AUT,,"11, 21, 22, 51, 52, 53, 56, 99
(POS 21/51 not cov'd for SUNI fund)",No,No,No,Yes,Yes,Yes,Yes,Yes,No,No,No,No,Yes,N/C,N/C,N/C,Yes,No,Yes,No,Yes,N/C,N/C,N/C,N/C,Yes,Carelon BH,,X,
,TST,,,96138,,,,96139,,,,Psychological Testing,MH/AUT,,"11, 21, 22, 51, 52, 53, 56, 99
(POS 21/51 not cov'd for SUNI fund)",No,No,No,Yes,Yes,Yes,Yes,Yes,No,No,No,No,Yes,N/C,N/C,N/C,Yes,No,Yes,No,Yes,N/C,N/C,N/C,N/C,Yes,Carelon BH,,X,
BMHS Capitation,BMH,,,G9010,,,,,,,,"Coordinated care fee, risk adjusted maintenance, Level 4 - Chesapeake
(State Funded)",MH,,"11, 12, 22, 53",No,No,Yes,No,No,No,No,No,No,No,No,No,No,N/C,N/C,No,N/C,N/C,N/C,N/C,N/C,N/C,N/C,N/C,N/C,N/C,Not required,,X,
,BMH,,,G9010,HE,,,,,,,"Coordinated care fee, risk adjusted maintenance, Level 4 - Chesapeake
(Federally Funded)",MH,,"11, 12, 22, 53",No,No,Yes,No,No,No,No,No,No,No,No,No,No,N/C,N/C,No,N/C,N/C,N/C,N/C,N/C,N/C,N/C,N/C,N/C,N/C,Not required,,X,
,BMH,,,G9011,,,,,,,,"Coordinated care fee, risk adjusted maintenance, Level 5 - Creative Alternatives
(State Funded)",MH,,"11, 12, 22, 53",No,No,Yes,No,No,No,No,No,No,No,No,No,No,N/C,N/C,No,N/C,N/C,N/C,N/C,N/C,N/C,N/C,N/C,N/C,N/C,Not required,,X,
,BMH,,,G9011,HE,,,,,,,"Coordinated care fee, risk adjusted maintenance, Level 5 - Creative Alternatives
(Federally Funded)",MH,,"11, 12, 22, 53",No,No,Yes,No,No,No,No,No,No,No,No,No,No,N/C,N/C,No,N/C,N/C,N/C,N/C,N/C,N/C,N/C,N/C,N/C,N/C,Not required,,X,
Emergency Room Facility,PER,,,0450,,,,,,,,Emergency Room,MH/SUD/POI,No DX restriction for SEMR,"21, 22, 23",Yes,No,No,Yes,Yes,Yes,Yes,No,No,No,Yes,Yes,No,No,N/C,N/C,No,No,No,No,N/C,N/C,N/C,No,No,N/C,Not required,X,,
,PER,,,"0451, 0452, 0459",,,,,,,,Emergency Room,MH/SUD/POI,No DX restriction for SEMR,"22, 23",Yes,No,No,Yes,Yes,Yes,Yes,No,No,No,Yes,Yes,No,No,N/C,N/C,No,No,No,No,N/C,N/C,N/C,No,No,N/C,Not required,X,,
Emergency Room Physician,PES,,,99281,,,,,,,,Emergency Department Visit,MH/SUD/POI,No DX restriction for SEMR,"22, 23",Yes,No,No,Yes,Yes,Yes,Yes,No,No,No,Yes,Yes,No,No,N/C,N/C,No,No,No,No,N/C,N/C,N/C,No,No,N/C,Not required,,X,
,PES,,,99282,,,,,,,,Emergency Department Visit,MH/SUD/POI,No DX restriction for SEMR,"22, 23",Yes,No,No,Yes,Yes,Yes,Yes,No,No,No,Yes,Yes,No,No,N/C,N/C,No,No,No,No,N/C,N/C,N/C,No,No,N/C,Not required,,X,
,PES,,,99283,,,,,,,,Emergency Department Visit,MH/SUD/POI,No DX restriction for SEMR,"22, 23",Yes,No,No,Yes,Yes,Yes,Yes,No,No,No,Yes,Yes,No,No,N/C,N/C,No,No,No,No,N/C,N/C,N/C,No,No,N/C,Not required,,X,
,PES,,,99284,,,,,,,,Emergency Department Visit,MH/SUD/POI,No DX restriction for SEMR,"22, 23",Yes,No,No,Yes,Yes,Yes,Yes,No,No,No,Yes,Yes,No,No,N/C,N/C,No,No,No,No,N/C,N/C,N/C,No,No,N/C,Not required,,X,
,PES,,,99285,,,,,,,,Emergency Department Visit,MH/SUD/POI,No DX restriction for SEMR,"22, 23",Yes,No,No,Yes,Yes,Yes,Yes,No,No,No,Yes,Yes,No,No,N/C,N/C,No,No,No,No,N/C,N/C,N/C,No,No,N/C,Not required,,X,
,TN1,,,90791,,,,,,,,Psychiatric Diagnostic Interview,MH/SUD/POI,No DX restriction for SEMR,23,Yes,No,No,Yes,Yes,Yes,Yes,No,No,No,Yes,Yes,No,No,N/C,N/C,No,No,No,No,N/C,N/C,N/C,No,No,N/C,Not required,,X,
,TN1,,,90792,,,,,,,,Psychiatric Diagnostic Interview,MH/SUD/POI,No DX restriction for SEMR,23,Yes,No,No,Yes,Yes,Yes,Yes,No,No,No,Yes,Yes,No,No,N/C,N/C,No,No,No,No,N/C,N/C,N/C,No,No,N/C,Not required,,X,
Maryland Recovery Net Services – MDRN,MDR,,,MDRN2,,,,,,,,Recovery/Supported Housing,SUD,,"14, 99",No,No,No,No,No,Yes,Yes,Yes,No,No,No,No,Yes,N/C,N/C,N/C,N/C,N/C,Yes,Yes,Yes,N/C,N/C,N/C,N/C,Yes,BHA RAC,,X,
1915i Waiver,W01,,,W5014,,,,,,,,Art Therapy Individual - certified,MH,,"11, 99",No,No,No,Yes,Yes,No,No,No,No,No,No,No,No,N/C,N/C,N/C,Yes,Yes,N/C,N/C,N/C,N/C,N/C,N/C,N/C,N/C,Carelon BH,,X,
,W01,,,W5014,GT,,,,,,,Art Therapy Individual - certified - Telehealth,MH,,"11, 99",No,No,No,Yes,Yes,No,No,No,No,No,No,No,No,N/C,N/C,N/C,Yes,Yes,N/C,N/C,N/C,N/C,N/C,N/C,N/C,N/C,Carelon BH,,X,
,W01,,,W5014,UB,,,,,,,Art Therapy Individual - certified,MH,,"11, 99",No,No,No,Yes,Yes,No,No,No,No,No,No,No,No,N/C,N/C,N/C,Yes,Yes,N/C,N/C,N/C,N/C,N/C,N/C,N/C,N/C,Carelon BH,,X,
,W01,,,W5015,,,,,,,,Art Therapy Group - certified,MH,,"11, 99",No,No,No,Yes,Yes,No,No,No,No,No,No,No,No,N/C,N/C,N/C,Yes,Yes,N/C,N/C,N/C,N/C,N/C,N/C,N/C,N/C,Carelon BH,,X,
,W01,,,W5015,GT,,,,,,,Art Therapy Group - certified - Telehealth,MH,,"11, 99",No,No,No,Yes,Yes,No,No,No,No,No,No,No,No,N/C,N/C,N/C,Yes,Yes,N/C,N/C,N/C,N/C,N/C,N/C,N/C,N/C,Carelon BH,,X,
,W01,,,W5026,,,,,,,,Art Therapy Individual - certified,MH,,"11, 99",No,No,No,Yes,Yes,No,No,No,No,No,No,No,No,N/C,N/C,N/C,Yes,Yes,N/C,N/C,N/C,N/C,N/C,N/C,N/C,N/C,Carelon BH,,X,
,W01,,,W5026,GT,,,,,,,Art Therapy Individual - certified - Telehealth,MH,,"11, 99",No,No,No,Yes,Yes,No,No,No,No,No,No,No,No,N/C,N/C,N/C,Yes,Yes,N/C,N/C,N/C,N/C,N/C,N/C,N/C,N/C,Carelon BH,,X,
,W01,,,W5026,UB,,,,,,,Art Therapy Individual - certified,MH,,"11, 99",No,No,No,Yes,Yes,No,No,No,No,No,No,No,No,N/C,N/C,N/C,Yes,Yes,N/C,N/C,N/C,N/C,N/C,N/C,N/C,N/C,Carelon BH,,X,
,W01,,,W5027,,,,,,,,Art Therapy Individual - licensed,MH,,"11, 99",No,No,No,Yes,Yes,No,No,No,No,No,No,No,No,N/C,N/C,N/C,Yes,Yes,N/C,N/C,N/C,N/C,N/C,N/C,N/C,N/C,Carelon BH,,X,
,W01,,,W5027,GT,,,,,,,Art Therapy Individual - licensed - Telehealth,MH,,"11, 99",No,No,No,Yes,Yes,No,No,No,No,No,No,No,No,N/C,N/C,N/C,Yes,Yes,N/C,N/C,N/C,N/C,N/C,N/C,N/C,N/C,Carelon BH,,X,
,W01,,,W5027,UB,,,,,,,Art Therapy Individual - licensed,MH,,"11, 99",No,No,No,Yes,Yes,No,No,No,No,No,No,No,No,N/C,N/C,N/C,Yes,Yes,N/C,N/C,N/C,N/C,N/C,N/C,N/C,N/C,Carelon BH,,X,
,W01,,,W5028,,,,,,,,Art Therapy Individual - licensed,MH,,"11, 99",No,No,No,Yes,Yes,No,No,No,No,No,No,No,No,N/C,N/C,N/C,Yes,Yes,N/C,N/C,N/C,N/C,N/C,N/C,N/C,N/C,Carelon BH,,X,
,W01,,,W5028,GT,,,,,,,Art Therapy Individual - licensed - Telehealth,MH,,"11, 99",No,No,No,Yes,Yes,No,No,No,No,No,No,No,No,N/C,N/C,N/C,Yes,Yes,N/C,N/C,N/C,N/C,N/C,N/C,N/C,N/C,Carelon BH,,X,
,W01,,,W5028,UB,,,,,,,Art Therapy Individual - licensed,MH,,"11, 99",No,No,No,Yes,Yes,No,No,No,No,No,No,No,No,N/C,N/C,N/C,Yes,Yes,N/C,N/C,N/C,N/C,N/C,N/C,N/C,N/C,Carelon BH,,X,
,W01,,,W5029,,,,,,,,Art Therapy Group - certified,MH,,"11, 99",No,No,No,Yes,Yes,No,No,No,No,No,No,No,No,N/C,N/C,N/C,Yes,Yes,N/C,N/C,N/C,N/C,N/C,N/C,N/C,N/C,Carelon BH,,X,
,W01,,,W5029,GT,,,,,,,Art Therapy Group - certified - Telehealth,MH,,"11, 99",No,No,No,Yes,Yes,No,No,No,No,No,No,No,No,N/C,N/C,N/C,Yes,Yes,N/C,N/C,N/C,N/C,N/C,N/C,N/C,N/C,Carelon BH,,X,
,W01,,,W5030,,,,,,,,Art Therapy Group - licensed,MH,,"11, 99",No,No,No,Yes,Yes,No,No,No,No,No,No,No,No,N/C,N/C,N/C,Yes,Yes,N/C,N/C,N/C,N/C,N/C,N/C,N/C,N/C,Carelon BH,,X,
,W01,,,W5030,GT,,,,,,,Art Therapy Group - licensed - Telehealth,MH,,"11, 99",No,No,No,Yes,Yes,No,No,No,No,No,No,No,No,N/C,N/C,N/C,Yes,Yes,N/C,N/C,N/C,N/C,N/C,N/C,N/C,N/C,Carelon BH,,X,
,W01,,,W5031,,,,,,,,Art Therapy Group - licensed,MH,,"11, 99",No,No,No,Yes,Yes,No,No,No,No,No,No,No,No,N/C,N/C,N/C,Yes,Yes,N/C,N/C,N/C,N/C,N/C,N/C,N/C,N/C,Carelon BH,,X,
,W01,,,W5031,GT,,,,,,,Art Therapy Group - licensed - Telehealth,MH,,"11, 99",No,No,No,Yes,Yes,No,No,No,No,No,No,No,No,N/C,N/C,N/C,Yes,Yes,N/C,N/C,N/C,N/C,N/C,N/C,N/C,N/C,Carelon BH,,X,
,W02,,,W5012,,,,,,,,Dance Therapy Individual - certified,MH,,"11, 99",No,No,No,Yes,Yes,No,No,No,No,No,No,No,No,N/C,N/C,N/C,Yes,Yes,N/C,N/C,N/C,N/C,N/C,N/C,N/C,N/C,Carelon BH,,X,
,W02,,,W5012,GT,,,,,,,Dance Therapy Individual - certified - Telehealth,MH,,"11, 99",No,No,No,Yes,Yes,No,No,No,No,No,No,No,No,N/C,N/C,N/C,Yes,Yes,N/C,N/C,N/C,N/C,N/C,N/C,N/C,N/C,Carelon BH,,X,
,W02,,,W5012,UB,,,,,,,Dance Therapy Individual - certified,MH,,"11, 99",No,No,No,Yes,Yes,No,No,No,No,No,No,No,No,N/C,N/C,N/C,Yes,Yes,N/C,N/C,N/C,N/C,N/C,N/C,N/C,N/C,Carelon BH,,X,
,W02,,,W5013,,,,,,,,Dance Therapy Group - certified,MH,,"11, 99",No,No,No,Yes,Yes,No,No,No,No,No,No,No,No,N/C,N/C,N/C,Yes,Yes,N/C,N/C,N/C,N/C,N/C,N/C,N/C,N/C,Carelon BH,,X,
,W02,,,W5013,GT,,,,,,,Dance Therapy Group - certified - Telehealth,MH,,"11, 99",No,No,No,Yes,Yes,No,No,No,No,No,No,No,No,N/C,N/C,N/C,Yes,Yes,N/C,N/C,N/C,N/C,N/C,N/C,N/C,N/C,Carelon BH,,X,
,W02,,,W5032,,,,,,,,Dance Therapy Individual - certified,MH,,"11, 99",No,No,No,Yes,Yes,No,No,No,No,No,No,No,No,N/C,N/C,N/C,Yes,Yes,N/C,N/C,N/C,N/C,N/C,N/C,N/C,N/C,Carelon BH,,X,
,W02,,,W5032,GT,,,,,,,Dance Therapy Individual - certified - Telehealth,MH,,"11, 99",No,No,No,Yes,Yes,No,No,No,No,No,No,No,No,N/C,N/C,N/C,Yes,Yes,N/C,N/C,N/C,N/C,N/C,N/C,N/C,N/C,Carelon BH,,X,
,W02,,,W5032,UB,,,,,,,Dance Therapy Individual - certified,MH,,"11, 99",No,No,No,Yes,Yes,No,No,No,No,No,No,No,No,N/C,N/C,N/C,Yes,Yes,N/C,N/C,N/C,N/C,N/C,N/C,N/C,N/C,Carelon BH,,X,
,W02,,,W5033,,,,,,,,Dance Therapy Individual - licensed,MH,,"11, 99",No,No,No,Yes,Yes,No,No,No,No,No,No,No,No,N/C,N/C,N/C,Yes,Yes,N/C,N/C,N/C,N/C,N/C,N/C,N/C,N/C,Carelon BH,,X,
,W02,,,W5033,GT,,,,,,,Dance Therapy Individual - licensed - Telehealth,MH,,"11, 99",No,No,No,Yes,Yes,No,No,No,No,No,No,No,No,N/C,N/C,N/C,Yes,Yes,N/C,N/C,N/C,N/C,N/C,N/C,N/C,N/C,Carelon BH,,X,
,W02,,,W5033,UB,,,,,,,Dance Therapy Individual - licensed,MH,,"11, 99",No,No,No,Yes,Yes,No,No,No,No,No,No,No,No,N/C,N/C,N/C,Yes,Yes,N/C,N/C,N/C,N/C,N/C,N/C,N/C,N/C,Carelon BH,,X,
,W02,,,W5034,,,,,,,,Dance Therapy Individual - licensed,MH,,"11, 99",No,No,No,Yes,Yes,No,No,No,No,No,No,No,No,N/C,N/C,N/C,Yes,Yes,N/C,N/C,N/C,N/C,N/C,N/C,N/C,N/C,Carelon BH,,X,
,W02,,,W5034,GT,,,,,,,Dance Therapy Individual - licensed - Telehealth,MH,,"11, 99",No,No,No,Yes,Yes,No,No,No,No,No,No,No,No,N/C,N/C,N/C,Yes,Yes,N/C,N/C,N/C,N/C,N/C,N/C,N/C,N/C,Carelon BH,,X,
,W02,,,W5034,UB,,,,,,,Dance Therapy Individual - licensed,MH,,"11, 99",No,No,No,Yes,Yes,No,No,No,No,No,No,No,No,N/C,N/C,N/C,Yes,Yes,N/C,N/C,N/C,N/C,N/C,N/C,N/C,N/C,Carelon BH,,X,
,W02,,,W5035,,,,,,,,Dance Therapy Group - certified,MH,,"11, 99",No,No,No,Yes,Yes,No,No,No,No,No,No,No,No,N/C,N/C,N/C,Yes,Yes,N/C,N/C,N/C,N/C,N/C,N/C,N/C,N/C,Carelon BH,,X,
,W02,,,W5035,GT,,,,,,,Dance Therapy Group - certified - Telehealth,MH,,"11, 99",No,No,No,Yes,Yes,No,No,No,No,No,No,No,No,N/C,N/C,N/C,Yes,Yes,N/C,N/C,N/C,N/C,N/C,N/C,N/C,N/C,Carelon BH,,X,
,W02,,,W5036,,,,,,,,Dance Therapy Group - licensed,MH,,"11, 99",No,No,No,Yes,Yes,No,No,No,No,No,No,No,No,N/C,N/C,N/C,Yes,Yes,N/C,N/C,N/C,N/C,N/C,N/C,N/C,N/C,Carelon BH,,X,
,W02,,,W5036,GT,,,,,,,Dance Therapy Group - licensed - Telehealth,MH,,"11, 99",No,No,No,Yes,Yes,No,No,No,No,No,No,No,No,N/C,N/C,N/C,Yes,Yes,N/C,N/C,N/C,N/C,N/C,N/C,N/C,N/C,Carelon BH,,X,
,W02,,,W5037,,,,,,,,Dance Therapy Group - licensed,MH,,"11, 99",No,No,No,Yes,Yes,No,No,No,No,No,No,No,No,N/C,N/C,N/C,Yes,Yes,N/C,N/C,N/C,N/C,N/C,N/C,N/C,N/C,Carelon BH,,X,
,W02,,,W5037,GT,,,,,,,Dance Therapy Group - licensed - Telehealth,MH,,"11, 99",No,No,No,Yes,Yes,No,No,No,No,No,No,No,No,N/C,N/C,N/C,Yes,Yes,N/C,N/C,N/C,N/C,N/C,N/C,N/C,N/C,Carelon BH,,X,
,W02,,,W5037,UB,,,,,,,Dance Therapy Group - licensed,MH,,"11, 99",No,No,No,Yes,Yes,No,No,No,No,No,No,No,No,N/C,N/C,N/C,Yes,Yes,N/C,N/C,N/C,N/C,N/C,N/C,N/C,N/C,Carelon BH,,X,
,W03,,,W5010,,,,,,,,Equine Assisted Therapy Individual - certified,MH,,99,No,No,No,Yes,Yes,No,No,No,No,No,No,No,No,N/C,N/C,N/C,Yes,Yes,N/C,N/C,N/C,N/C,N/C,N/C,N/C,N/C,Carelon BH,,X,
,W03,,,W5011,,,,,,,,Equine Assisted Therapy Group - certified,MH,,99,No,No,No,Yes,Yes,No,No,No,No,No,No,No,No,N/C,N/C,N/C,Yes,Yes,N/C,N/C,N/C,N/C,N/C,N/C,N/C,N/C,Carelon BH,,X,
,W03,,,W5044,,,,,,,,Equine Assisted Therapy Individual - certified,MH,,99,No,No,No,Yes,Yes,No,No,No,No,No,No,No,No,N/C,N/C,N/C,Yes,Yes,N/C,N/C,N/C,N/C,N/C,N/C,N/C,N/C,Carelon BH,,X,
,W03,,,W5045,,,,,,,,Equine Assisted Therapy Individual - licensed,MH,,99,No,No,No,Yes,Yes,No,No,No,No,No,No,No,No,N/C,N/C,N/C,Yes,Yes,N/C,N/C,N/C,N/C,N/C,N/C,N/C,N/C,Carelon BH,,X,
,W03,,,W5046,,,,,,,,Equine Assisted Therapy Individual - licensed,MH,,99,No,No,No,Yes,Yes,No,No,No,No,No,No,No,No,N/C,N/C,N/C,Yes,Yes,N/C,N/C,N/C,N/C,N/C,N/C,N/C,N/C,Carelon BH,,X,
,W03,,,W5047,,,,,,,,Equine Assisted Therapy Group - certified,MH,,99,No,No,No,Yes,Yes,No,No,No,No,No,No,No,No,N/C,N/C,N/C,Yes,Yes,N/C,N/C,N/C,N/C,N/C,N/C,N/C,N/C,Carelon BH,,X,
,W03,,,W5048,,,,,,,,Equine Assisted Therapy Group - licensed,MH,,99,No,No,No,Yes,Yes,No,No,No,No,No,No,No,No,N/C,N/C,N/C,Yes,Yes,N/C,N/C,N/C,N/C,N/C,N/C,N/C,N/C,Carelon BH,,X,
,W03,,,W5049,,,,,,,,Equine Assisted Therapy Group - licensed,MH,,99,No,No,No,Yes,Yes,No,No,No,No,No,No,No,No,N/C,N/C,N/C,Yes,Yes,N/C,N/C,N/C,N/C,N/C,N/C,N/C,N/C,Carelon BH,,X,
,W04,,,W5020,,,,,,,,Horticultural Therapy Individual - certified,MH,,99,No,No,No,Yes,Yes,No,No,No,No,No,No,No,No,N/C,N/C,N/C,Yes,Yes,N/C,N/C,N/C,N/C,N/C,N/C,N/C,N/C,Carelon BH,,X,
,W04,,,W5020,GT,,,,,,,Horticultural Therapy Individual - certified - Telehealth,MH,,99,No,No,No,Yes,Yes,No,No,No,No,No,No,No,No,N/C,N/C,N/C,Yes,Yes,N/C,N/C,N/C,N/C,N/C,N/C,N/C,N/C,Carelon BH,,X,
,W04,,,W5020,UB,,,,,,,Horticultural Therapy Individual - certified,MH,,99,No,No,No,Yes,Yes,No,No,No,No,No,No,No,No,N/C,N/C,N/C,Yes,Yes,N/C,N/C,N/C,N/C,N/C,N/C,N/C,N/C,Carelon BH,,X,
,W04,,,W5021,,,,,,,,Horticultural Therapy Group - certified,MH,,99,No,No,No,Yes,Yes,No,No,No,No,No,No,No,No,N/C,N/C,N/C,Yes,Yes,N/C,N/C,N/C,N/C,N/C,N/C,N/C,N/C,Carelon BH,,X,
,W04,,,W5021,GT,,,,,,,Horticultural Therapy Group - certified - Telehealth,MH,,99,No,No,No,Yes,Yes,No,No,No,No,No,No,No,No,N/C,N/C,N/C,Yes,Yes,N/C,N/C,N/C,N/C,N/C,N/C,N/C,N/C,Carelon BH,,X,
,W04,,,W5050,,,,,,,,Horticultural Therapy Individual - certified,MH,,99,No,No,No,Yes,Yes,No,No,No,No,No,No,No,No,N/C,N/C,N/C,Yes,Yes,N/C,N/C,N/C,N/C,N/C,N/C,N/C,N/C,Carelon BH,,X,
,W04,,,W5050,GT,,,,,,,Horticultural Therapy Individual - certified - Telehealth,MH,,99,No,No,No,Yes,Yes,No,No,No,No,No,No,No,No,N/C,N/C,N/C,Yes,Yes,N/C,N/C,N/C,N/C,N/C,N/C,N/C,N/C,Carelon BH,,X,
,W04,,,W5050,UB,,,,,,,Horticultural Therapy Individual - certified,MH,,99,No,No,No,Yes,Yes,No,No,No,No,No,No,No,No,N/C,N/C,N/C,Yes,Yes,N/C,N/C,N/C,N/C,N/C,N/C,N/C,N/C,Carelon BH,,X,
,W04,,,W5051,,,,,,,,Horticultural Therapy Individual - licensed,MH,,99,No,No,No,Yes,Yes,No,No,No,No,No,No,No,No,N/C,N/C,N/C,Yes,Yes,N/C,N/C,N/C,N/C,N/C,N/C,N/C,N/C,Carelon BH,,X,
,W04,,,W5051,GT,,,,,,,Horticultural Therapy Individual - licensed - Telehealth,MH,,99,No,No,No,Yes,Yes,No,No,No,No,No,No,No,No,N/C,N/C,N/C,Yes,Yes,N/C,N/C,N/C,N/C,N/C,N/C,N/C,N/C,Carelon BH,,X,
,W04,,,W5051,UB,,,,,,,Horticultural Therapy Individual - licensed,MH,,99,No,No,No,Yes,Yes,No,No,No,No,No,No,No,No,N/C,N/C,N/C,Yes,Yes,N/C,N/C,N/C,N/C,N/C,N/C,N/C,N/C,Carelon BH,,X,
,W04,,,W5052,,,,,,,,Horticultural Therapy Individual - licensed,MH,,99,No,No,No,Yes,Yes,No,No,No,No,No,No,No,No,N/C,N/C,N/C,Yes,Yes,N/C,N/C,N/C,N/C,N/C,N/C,N/C,N/C,Carelon BH,,X,
,W04,,,W5052,GT,,,,,,,Horticultural Therapy Individual - licensed - Telehealth,MH,,99,No,No,No,Yes,Yes,No,No,No,No,No,No,No,No,N/C,N/C,N/C,Yes,Yes,N/C,N/C,N/C,N/C,N/C,N/C,N/C,N/C,Carelon BH,,X,
,W04,,,W5052,UB,,,,,,,Horticultural Therapy Individual - licensed,MH,,99,No,No,No,Yes,Yes,No,No,No,No,No,No,No,No,N/C,N/C,N/C,Yes,Yes,N/C,N/C,N/C,N/C,N/C,N/C,N/C,N/C,Carelon BH,,X,
,W04,,,W5053,,,,,,,,Horticultural Therapy Group - certified,MH,,99,No,No,No,Yes,Yes,No,No,No,No,No,No,No,No,N/C,N/C,N/C,Yes,Yes,N/C,N/C,N/C,N/C,N/C,N/C,N/C,N/C,Carelon BH,,X,
,W04,,,W5053,GT,,,,,,,Horticultural Therapy Group - certified - Telehealth,MH,,99,No,No,No,Yes,Yes,No,No,No,No,No,No,No,No,N/C,N/C,N/C,Yes,Yes,N/C,N/C,N/C,N/C,N/C,N/C,N/C,N/C,Carelon BH,,X,
,W04,,,W5054,,,,,,,,Horticultural Therapy Group - licensed,MH,,99,No,No,No,Yes,Yes,No,No,No,No,No,No,No,No,N/C,N/C,N/C,Yes,Yes,N/C,N/C,N/C,N/C,N/C,N/C,N/C,N/C,Carelon BH,,X,
,W04,,,W5054,GT,,,,,,,Horticultural Therapy Group - licensed - Telehealth,MH,,99,No,No,No,Yes,Yes,No,No,No,No,No,No,No,No,N/C,N/C,N/C,Yes,Yes,N/C,N/C,N/C,N/C,N/C,N/C,N/C,N/C,Carelon BH,,X,
,W04,,,W5055,,,,,,,,Horticultural Therapy Group - licensed,MH,,99,No,No,No,Yes,Yes,No,No,No,No,No,No,No,No,N/C,N/C,N/C,Yes,Yes,N/C,N/C,N/C,N/C,N/C,N/C,N/C,N/C,Carelon BH,,X,
,W04,,,W5055,GT,,,,,,,Horticultural Therapy Group - licensed - Telehealth,MH,,99,No,No,No,Yes,Yes,No,No,No,No,No,No,No,No,N/C,N/C,N/C,Yes,Yes,N/C,N/C,N/C,N/C,N/C,N/C,N/C,N/C,Carelon BH,,X,
,W10,,,W5022,,,,,,,,Face to face caregiver peer to peer support,MH,,"11,12, 99",No,No,No,Yes,Yes,No,No,No,No,No,No,No,No,N/C,N/C,N/C,Yes,Yes,N/C,N/C,N/C,N/C,N/C,N/C,N/C,N/C,Carelon BH,,X,
,W10,,,W5022,GT,,,,,,,Face to face caregiver peer to peer support - Telehealth,MH,,"11,12, 99",No,No,No,Yes,Yes,No,No,No,No,No,No,No,No,N/C,N/C,N/C,Yes,Yes,N/C,N/C,N/C,N/C,N/C,N/C,N/C,N/C,Carelon BH,,X,
,W10,,,W5022,UB,,,,,,,Face to face caregiver peer to peer support,MH,,"11,12, 99",No,No,No,Yes,Yes,No,No,No,No,No,No,No,No,N/C,N/C,N/C,Yes,Yes,N/C,N/C,N/C,N/C,N/C,N/C,N/C,N/C,Carelon BH,,X,
,W10,,,W5023,,,,,,,,Collateral (telephonic) caregiver peer to peer support,MH,,"11,12, 99",No,No,No,Yes,Yes,No,No,No,No,No,No,No,No,N/C,N/C,N/C,Yes,Yes,N/C,N/C,N/C,N/C,N/C,N/C,N/C,N/C,Carelon BH,,X,
,W05,,,W5016,,,,,,,,Music Therapy Individual - certified,MH,,"11, 99",No,No,No,Yes,Yes,No,No,No,No,No,No,No,No,N/C,N/C,N/C,Yes,Yes,N/C,N/C,N/C,N/C,N/C,N/C,N/C,N/C,Carelon BH,,X,
,W05,,,W5016,GT,,,,,,,Music Therapy Individual - certified - Telehealth,MH,,"11, 99",No,No,No,Yes,Yes,No,No,No,No,No,No,No,No,N/C,N/C,N/C,Yes,Yes,N/C,N/C,N/C,N/C,N/C,N/C,N/C,N/C,Carelon BH,,X,
,W05,,,W5016,UB,,,,,,,Music Therapy Individual - certified,MH,,"11, 99",No,No,No,Yes,Yes,No,No,No,No,No,No,No,No,N/C,N/C,N/C,Yes,Yes,N/C,N/C,N/C,N/C,N/C,N/C,N/C,N/C,Carelon BH,,X,
,W05,,,W5017,,,,,,,,Music Therapy Group - certified,MH,,"11, 99",No,No,No,Yes,Yes,No,No,No,No,No,No,No,No,N/C,N/C,N/C,Yes,Yes,N/C,N/C,N/C,N/C,N/C,N/C,N/C,N/C,Carelon BH,,X,
,W05,,,W5017,GT,,,,,,,Music Therapy Group - certified - Telehealth,MH,,"11, 99",No,No,No,Yes,Yes,No,No,No,No,No,No,No,No,N/C,N/C,N/C,Yes,Yes,N/C,N/C,N/C,N/C,N/C,N/C,N/C,N/C,Carelon BH,,X,
,W05,,,W5038,,,,,,,,Music Therapy Individual - certified,MH,,"11, 99",No,No,No,Yes,Yes,No,No,No,No,No,No,No,No,N/C,N/C,N/C,Yes,Yes,N/C,N/C,N/C,N/C,N/C,N/C,N/C,N/C,Carelon BH,,X,
,W05,,,W5038,GT,,,,,,,Music Therapy Individual - certified - Telehealth,MH,,"11, 99",No,No,No,Yes,Yes,No,No,No,No,No,No,No,No,N/C,N/C,N/C,Yes,Yes,N/C,N/C,N/C,N/C,N/C,N/C,N/C,N/C,Carelon BH,,X,
,W05,,,W5038,UB,,,,,,,Music Therapy Individual - certified,MH,,"11, 99",No,No,No,Yes,Yes,No,No,No,No,No,No,No,No,N/C,N/C,N/C,Yes,Yes,N/C,N/C,N/C,N/C,N/C,N/C,N/C,N/C,Carelon BH,,X,
,W05,,,W5039,,,,,,,,Music Therapy Individual - licensed,MH,,"11, 99",No,No,No,Yes,Yes,No,No,No,No,No,No,No,No,N/C,N/C,N/C,Yes,Yes,N/C,N/C,N/C,N/C,N/C,N/C,N/C,N/C,Carelon BH,,X,
,W05,,,W5039,GT,,,,,,,Music Therapy Individual - licensed - Telehealth,MH,,"11, 99",No,No,No,Yes,Yes,No,No,No,No,No,No,No,No,N/C,N/C,N/C,Yes,Yes,N/C,N/C,N/C,N/C,N/C,N/C,N/C,N/C,Carelon BH,,X,
,W05,,,W5039,UB,,,,,,,Music Therapy Individual - licensed,MH,,"11, 99",No,No,No,Yes,Yes,No,No,No,No,No,No,No,No,N/C,N/C,N/C,Yes,Yes,N/C,N/C,N/C,N/C,N/C,N/C,N/C,N/C,Carelon BH,,X,
,W05,,,W5040,,,,,,,,Music Therapy Individual - licensed,MH,,"11, 99",No,No,No,Yes,Yes,No,No,No,No,No,No,No,No,N/C,N/C,N/C,Yes,Yes,N/C,N/C,N/C,N/C,N/C,N/C,N/C,N/C,Carelon BH,,X,
,W05,,,W5040,GT,,,,,,,Music Therapy Individual - licensed - Telehealth,MH,,"11, 99",No,No,No,Yes,Yes,No,No,No,No,No,No,No,No,N/C,N/C,N/C,Yes,Yes,N/C,N/C,N/C,N/C,N/C,N/C,N/C,N/C,Carelon BH,,X,
,W05,,,W5040,UB,,,,,,,Music Therapy Individual - licensed,MH,,"11, 99",No,No,No,Yes,Yes,No,No,No,No,No,No,No,No,N/C,N/C,N/C,Yes,Yes,N/C,N/C,N/C,N/C,N/C,N/C,N/C,N/C,Carelon BH,,X,
,W05,,,W5041,,,,,,,,Music Therapy Group - certified,MH,,"11, 99",No,No,No,Yes,Yes,No,No,No,No,No,No,No,No,N/C,N/C,N/C,Yes,Yes,N/C,N/C,N/C,N/C,N/C,N/C,N/C,N/C,Carelon BH,,X,
,W05,,,W5041,GT,,,,,,,Music Therapy Group - certified - Telehealth,MH,,"11, 99",No,No,No,Yes,Yes,No,No,No,No,No,No,No,No,N/C,N/C,N/C,Yes,Yes,N/C,N/C,N/C,N/C,N/C,N/C,N/C,N/C,Carelon BH,,X,
,W05,,,W5042,,,,,,,,Music Therapy Group - licensed,MH,,"11, 99",No,No,No,Yes,Yes,No,No,No,No,No,No,No,No,N/C,N/C,N/C,Yes,Yes,N/C,N/C,N/C,N/C,N/C,N/C,N/C,N/C,Carelon BH,,X,
,W05,,,W5042,GT,,,,,,,Music Therapy Group - licensed - Telehealth,MH,,"11, 99",No,No,No,Yes,Yes,No,No,No,No,No,No,No,No,N/C,N/C,N/C,Yes,Yes,N/C,N/C,N/C,N/C,N/C,N/C,N/C,N/C,Carelon BH,,X,
,W05,,,W5043,,,,,,,,Music Therapy Group - licensed,MH,,"11, 99",No,No,No,Yes,Yes,No,No,No,No,No,No,No,No,N/C,N/C,N/C,Yes,Yes,N/C,N/C,N/C,N/C,N/C,N/C,N/C,N/C,Carelon BH,,X,
,W05,,,W5043,GT,,,,,,,Music Therapy Group - licensed - Telehealth,MH,,"11, 99",No,No,No,Yes,Yes,No,No,No,No,No,No,No,No,N/C,N/C,N/C,Yes,Yes,N/C,N/C,N/C,N/C,N/C,N/C,N/C,N/C,Carelon BH,,X,
,W06,,,W5018,,,,,,,,Drama Therapy Individual - certified,MH,,"11, 99",No,No,No,Yes,Yes,No,No,No,No,No,No,No,No,N/C,N/C,N/C,Yes,Yes,N/C,N/C,N/C,N/C,N/C,N/C,N/C,N/C,Carelon BH,,X,
,W06,,,W5018,GT,,,,,,,Drama Therapy Individual - certified - Telehealth,MH,,"11, 99",No,No,No,Yes,Yes,No,No,No,No,No,No,No,No,N/C,N/C,N/C,Yes,Yes,N/C,N/C,N/C,N/C,N/C,N/C,N/C,N/C,Carelon BH,,X,
,W06,,,W5018,UB,,,,,,,Drama Therapy Individual - certified,MH,,"11, 99",No,No,No,Yes,Yes,No,No,No,No,No,No,No,No,N/C,N/C,N/C,Yes,Yes,N/C,N/C,N/C,N/C,N/C,N/C,N/C,N/C,Carelon BH,,X,
,W06,,,W5019,,,,,,,,Drama Therapy Group - certified,MH,,"11, 99",No,No,No,Yes,Yes,No,No,No,No,No,No,No,No,N/C,N/C,N/C,Yes,Yes,N/C,N/C,N/C,N/C,N/C,N/C,N/C,N/C,Carelon BH,,X,
,W06,,,W5019,GT,,,,,,,Drama Therapy Group - certified - Telehealth,MH,,"11, 99",No,No,No,Yes,Yes,No,No,No,No,No,No,No,No,N/C,N/C,N/C,Yes,Yes,N/C,N/C,N/C,N/C,N/C,N/C,N/C,N/C,Carelon BH,,X,
,W06,,,W5056,,,,,,,,Drama Therapy Individual - certified,MH,,"11, 99",No,No,No,Yes,Yes,No,No,No,No,No,No,No,No,N/C,N/C,N/C,Yes,Yes,N/C,N/C,N/C,N/C,N/C,N/C,N/C,N/C,Carelon BH,,X,
,W06,,,W5056,GT,,,,,,,Drama Therapy Individual - certified - Telehealth,MH,,"11, 99",No,No,No,Yes,Yes,No,No,No,No,No,No,No,No,N/C,N/C,N/C,Yes,Yes,N/C,N/C,N/C,N/C,N/C,N/C,N/C,N/C,Carelon BH,,X,
,W06,,,W5056,UB,,,,,,,Drama Therapy Individual - certified,MH,,"11, 99",No,No,No,Yes,Yes,No,No,No,No,No,No,No,No,N/C,N/C,N/C,Yes,Yes,N/C,N/C,N/C,N/C,N/C,N/C,N/C,N/C,Carelon BH,,X,
,W06,,,W5057,,,,,,,,Drama Therapy Individual - licensed,MH,,"11, 99",No,No,No,Yes,Yes,No,No,No,No,No,No,No,No,N/C,N/C,N/C,Yes,Yes,N/C,N/C,N/C,N/C,N/C,N/C,N/C,N/C,Carelon BH,,X,
,W06,,,W5057,GT,,,,,,,Drama Therapy Individual - licensed - Telehealth,MH,,"11, 99",No,No,No,Yes,Yes,No,No,No,No,No,No,No,No,N/C,N/C,N/C,Yes,Yes,N/C,N/C,N/C,N/C,N/C,N/C,N/C,N/C,Carelon BH,,X,
,W06,,,W5057,UB,,,,,,,Drama Therapy Individual - licensed,MH,,"11, 99",No,No,No,Yes,Yes,No,No,No,No,No,No,No,No,N/C,N/C,N/C,Yes,Yes,N/C,N/C,N/C,N/C,N/C,N/C,N/C,N/C,Carelon BH,,X,
,W06,,,W5058,,,,,,,,Drama Therapy Individual - licensed,MH,,"11, 99",No,No,No,Yes,Yes,No,No,No,No,No,No,No,No,N/C,N/C,N/C,Yes,Yes,N/C,N/C,N/C,N/C,N/C,N/C,N/C,N/C,Carelon BH,,X,
,W06,,,W5058,GT,,,,,,,Drama Therapy Individual - licensed - Telehealth,MH,,"11, 99",No,No,No,Yes,Yes,No,No,No,No,No,No,No,No,N/C,N/C,N/C,Yes,Yes,N/C,N/C,N/C,N/C,N/C,N/C,N/C,N/C,Carelon BH,,X,
,W06,,,W5058,UB,,,,,,,Drama Therapy Individual - licensed,MH,,"11, 99",No,No,No,Yes,Yes,No,No,No,No,No,No,No,No,N/C,N/C,N/C,Yes,Yes,N/C,N/C,N/C,N/C,N/C,N/C,N/C,N/C,Carelon BH,,X,
,W06,,,W5059,,,,,,,,Drama Therapy Group - certified,MH,,"11, 99",No,No,No,Yes,Yes,No,No,No,No,No,No,No,No,N/C,N/C,N/C,Yes,Yes,N/C,N/C,N/C,N/C,N/C,N/C,N/C,N/C,Carelon BH,,X,
,W06,,,W5059,GT,,,,,,,Drama Therapy Group - certified - Telehealth,MH,,"11, 99",No,No,No,Yes,Yes,No,No,No,No,No,No,No,No,N/C,N/C,N/C,Yes,Yes,N/C,N/C,N/C,N/C,N/C,N/C,N/C,N/C,Carelon BH,,X,
,W06,,,W5060,,,,,,,,Drama Therapy Group - licensed,MH,,"11, 99",No,No,No,Yes,Yes,No,No,No,No,No,No,No,No,N/C,N/C,N/C,Yes,Yes,N/C,N/C,N/C,N/C,N/C,N/C,N/C,N/C,Carelon BH,,X,
,W06,,,W5060,GT,,,,,,,Drama Therapy Group - licensed - Telehealth,MH,,"11, 99",No,No,No,Yes,Yes,No,No,No,No,No,No,No,No,N/C,N/C,N/C,Yes,Yes,N/C,N/C,N/C,N/C,N/C,N/C,N/C,N/C,Carelon BH,,X,
,W06,,,W5061,,,,,,,,Drama Therapy Group - licensed,MH,,"11, 99",No,No,No,Yes,Yes,No,No,No,No,No,No,No,No,N/C,N/C,N/C,Yes,Yes,N/C,N/C,N/C,N/C,N/C,N/C,N/C,N/C,Carelon BH,,X,
,W06,,,W5061,GT,,,,,,,Drama Therapy Group - licensed - Telehealth,MH,,"11, 99",No,No,No,Yes,Yes,No,No,No,No,No,No,No,No,N/C,N/C,N/C,Yes,Yes,N/C,N/C,N/C,N/C,N/C,N/C,N/C,N/C,Carelon BH,,X,
,W07,,,W5000,,,,,,,,Respite Care In Home/Community Based,MH,,"12, 99",No,No,No,Yes,Yes,No,No,No,No,No,No,No,No,N/C,N/C,N/C,Yes,Yes,N/C,N/C,N/C,N/C,N/C,N/C,N/C,N/C,Carelon BH,,X,
,W08,,,W5001,,,,,,,,Respite Care Residential/Out of Home,MH,,"12, 99",No,No,No,Yes,Yes,No,No,No,No,No,No,No,No,N/C,N/C,N/C,Yes,Yes,N/C,N/C,N/C,N/C,N/C,N/C,N/C,N/C,Carelon BH,,X,
,W12,,,W5062,,,,,,,,Intensive In Home Services (EBP option),MH,,12,No,No,No,Yes,Yes,No,No,No,No,No,No,No,No,N/C,N/C,N/C,Yes,Yes,N/C,N/C,N/C,N/C,N/C,N/C,N/C,N/C,Carelon BH,,X,
,W12,,,W5063,,,,,,,,Intensive In Home Services (non-EBP option),MH,,12,No,No,No,Yes,Yes,No,No,No,No,No,No,No,No,N/C,N/C,N/C,Yes,Yes,N/C,N/C,N/C,N/C,N/C,N/C,N/C,N/C,Carelon BH,,X,
,W13,,,W9901,,,,,,,,Youth Peer Supports,MH,,"11, 12, 99",No,No,No,Yes,Yes,No,No,No,No,No,No,No,No,N/C,N/C,N/C,Yes,Yes,N/C,N/C,N/C,N/C,N/C,N/C,N/C,N/C,Carelon BH,,X,
,W13,,,W9901,GT,,,,,,,"Youth Peer Supports
Telehealth",MH,,"11, 12, 99",No,No,No,Yes,Yes,No,No,No,No,No,No,No,No,N/C,N/C,N/C,Yes,Yes,N/C,N/C,N/C,N/C,N/C,N/C,N/C,N/C,Carelon BH,,X,
,W13,,,W9901,UB,,,,,,,Youth Peer Supports,MH,,"11, 12, 99",No,No,No,Yes,Yes,No,No,No,No,No,No,No,No,N/C,N/C,N/C,Yes,Yes,N/C,N/C,N/C,N/C,N/C,N/C,N/C,N/C,Carelon BH,,X,
Transport,AMB,,,A0380,,,,,,,,BLS Mileage {Per Mile},MH/SUD,No DX restriction for SEMR,"41, 42",No,No,No,No,No,No,No,No,No,No,Yes,No,No,N/C,N/C,N/C,N/C,N/C,N/C,N/C,N/C,N/C,N/C,No,N/C,N/C,Not required,,X,
,AMB,,,A0080,,,,,,,,"Non-Emergency transportation; Per Mile volunteer, with no vested or personal interest. ",MH/SUD,No DX restriction for SEMR,"41, 42",No,No,No,No,No,No,No,No,No,No,Yes,No,No,N/C,N/C,N/C,N/C,N/C,N/C,N/C,N/C,N/C,N/C,No,N/C,N/C,Not required,,X,
,AMB,,,A0170,,,,,,,,"Non-Emergency transportation; ancillary, parking fees, tolls other",MH/SUD,No DX restriction for SEMR,"41, 42",No,No,No,No,No,No,No,No,No,No,Yes,No,No,N/C,N/C,N/C,N/C,N/C,N/C,N/C,N/C,N/C,N/C,No,N/C,N/C,Not required,,X,
,AMB,,,A0180,,,,,,,,"Non-emergency transportation: ancillary, parking fees, tools, other",MH/SUD,No DX restriction for SEMR,"41, 42",No,No,No,No,No,No,No,No,No,No,Yes,No,No,N/C,N/C,N/C,N/C,N/C,N/C,N/C,N/C,N/C,N/C,No,N/C,N/C,Not required,,X,
,AMB,,,A0429,,,,,,,,"Ambulance service, basic life support, emergency transport (BLS emergency)",MH/SUD,No DX restriction for SEMR,"41, 42",No,No,No,No,No,No,No,No,No,No,Yes,No,No,N/C,N/C,N/C,N/C,N/C,N/C,N/C,N/C,N/C,N/C,No,N/C,N/C,Not required,,X,
Lab Services,LAB,,,36415,,,,,,,,Collection blood by Venipuncture,MH,,"11, 21, 22, 53, 81
(POS 21 not cov'd for SUNI fund)",No,No,No,Yes,Yes,Yes,Yes,Yes,No,No,No,No,No,N/C,N/C,N/C,No,No,No,No,No,N/C,N/C,N/C,N/C,N/C,Not required,,X,
,LAB,,,36415,HW,,,,,,,Collection blood by Venipuncture,MH,,"11, 21, 22, 53, 81
(POS 21 not cov'd for SUNI fund)",No,No,No,Yes,Yes,Yes,Yes,Yes,No,No,No,No,No,N/C,N/C,N/C,No,No,No,No,No,N/C,N/C,N/C,N/C,N/C,Not required,,X,
,LAB,,,80002-89999,,,,,,,,Lab Services,MH,,"11, 21, 22, 53, 81
(POS 21 not cov'd for SUNI fund)",No,No,Yes,Yes,Yes,Yes,Yes,Yes,No,No,No,No,No,N/C,N/C,No,No,No,No,No,No,N/C,N/C,N/C,N/C,N/C,Not required,,X,
,LB5,,,80300-80304,,,,,,,,"Drug Screen, Single Drug Class, Each Drug Class",MH,,"11, 21, 22, 53, 81
(POS 21 not cov'd for SUNI fund)",No,No,Yes,Yes,Yes,Yes,Yes,Yes,No,No,No,No,No,N/C,N/C,No,No,No,No,No,No,N/C,N/C,N/C,N/C,N/C,Not required,,X,
,LB6,,,80305,,,,,,,,"Presumptive drug testing, any number of drug classes; any number of devices or procedures capable of being read by direct optical observation only",MH/SUD,"No DX restriction for FMDC, SMDC, and FDUA","11, 21, 22, 53, 81
(POS 21 not cov'd for SUNI fund)",No,No,No,Yes,Yes,Yes,Yes,Yes,No,No,No,No,No,N/C,N/C,N/C,No,No,No,No,No,N/C,N/C,N/C,N/C,N/C,Not required,,X,
,LB6,,,80306,,,,,,,,"Presumptive drug testing, any number of drug classes; any number of devices or procedures capable of being read by instrument-assisted direct optical observation",MH/SUD,"No DX restriction for FMDC, SMDC, and FDUA","11, 21, 22, 53, 81
(POS 21 not cov'd for SUNI fund)",No,No,No,Yes,Yes,Yes,Yes,Yes,No,No,No,No,No,N/C,N/C,N/C,No,No,No,No,No,N/C,N/C,N/C,N/C,N/C,Not required,,X,
,LB6,,,80307,,,,,,,,"Presumptive drug testing, any number of drug classes; any number of devices or procedures by instrumented chemistry analyzers",MH/SUD,"No DX restriction for FMDC, SMDC, and FDUA","11, 21, 22, 53, 81
(POS 21 not cov'd for SUNI fund)",No,No,No,Yes,Yes,Yes,Yes,Yes,No,No,No,No,No,N/C,N/C,N/C,No,No,No,No,No,N/C,N/C,N/C,N/C,N/C,Not required,,X,
,LB6,,,G0480,,,,,,,,"Definitive drug testing utilizing drug id methods able to identify individual drugs and distinguish between structural isomers; per day, 1-7 drug classes",MH/SUD,"No DX restriction for FMDC, SMDC, and FDUA","11, 21, 22, 53, 81
(POS 21 not cov'd for SUNI fund)",No,No,No,Yes,Yes,Yes,Yes,Yes,No,No,No,No,No,N/C,N/C,N/C,No,No,No,No,No,N/C,N/C,N/C,N/C,N/C,Not required,,X,
,LB6,,,G0481,,,,,,,,"Definitive drug testing utilizing drug id methods able to identify individual drugs and distinguish between structural isomers; per day, 8-14 drug classes",MH/SUD,"No DX restriction for FMDC, SMDC, and FDUA","11, 21, 22, 53, 81
(POS 21 not cov'd for SUNI fund)",No,No,No,Yes,Yes,Yes,Yes,Yes,No,No,No,No,No,N/C,N/C,N/C,No,No,No,No,No,N/C,N/C,N/C,N/C,N/C,Not required,,X,
,LB6,,,G0482,,,,,,,,"Definitive drug testing utilizing drug id methods able to identify individual drugs and distinguish between structural isomers; per day, 15-21 drug classes",MH/SUD,"No DX restriction for FMDC, SMDC, and FDUA","11, 21, 22, 53, 81",No,No,No,Yes,Yes,Yes,No,No,No,No,No,No,No,N/C,N/C,N/C,No,No,No,N/C,N/C,N/C,N/C,N/C,N/C,N/C,Not required,,X,
,LB6,,,G0483,,,,,,,,"Definitive drug testing utilizing drug id methods able to identify individual drugs and distinguish between structural isomers; per day, 22 or more drug classes",MH/SUD,"No DX restriction for FMDC, SMDC, and FDUA","11, 21, 22, 53, 81",No,No,No,Yes,Yes,Yes,No,No,No,No,No,No,No,N/C,N/C,N/C,No,No,No,N/C,N/C,N/C,N/C,N/C,N/C,N/C,Not required,,X,
,LB6,,,96372,HG,,,,,,,Therapeutic Injection- SUD only,SUD,,"11, 53",No,No,No,Yes,Yes,Yes,Yes,Yes,No,No,No,No,No,N/C,N/C,N/C,No,No,No,No,No,N/C,N/C,N/C,N/C,N/C,Not required,,X,
,LAB,,,96372,,,,,,,,Therapeutic Injection,MH,,"11, 53",No,No,No,Yes,Yes,Yes,Yes,Yes,No,No,No,No,No,N/C,N/C,N/C,No,No,No,No,No,N/C,N/C,N/C,N/C,N/C,Not required,,X,
,LB2,,,"0300, 0301, 0302, 0304, 0305, 0306, 0307, 0309, 0310, 0311, 0312, 0730",,,,,,,,Lab & EKG Services,MH/SUD/POI,,22,Yes,No,No,Yes,Yes,Yes,Yes,No,No,No,No,Yes,No,No,N/C,N/C,No,No,No,No,N/C,N/C,N/C,N/C,No,N/C,Not required,X,,
,LB2,,,0637,,,,,,,,Self Administered Drugs,MH/SUD/POI,,22,Yes,No,No,Yes,Yes,Yes,Yes,No,No,No,No,Yes,No,No,N/C,N/C,No,No,No,No,N/C,N/C,N/C,N/C,No,N/C,Not required,X,,
Ancillary Services,ANC,,,0221,,,,,,,,Special Charges - Admission Charge,MH/SUD/POI,,"11, 12, 21, 22, 23, 51, 52, 55, 56, 99",Yes,No,No,Yes,Yes,Yes,Yes,No,No,No,No,Yes,No,No,N/C,N/C,No,No,No,No,N/C,N/C,N/C,N/C,No,N/C,Not required,X,,
,ANC,,,0250,,,,,,,,Pharmacy - General Classification,MH/SUD/POI,,"11, 12, 21, 22, 23, 51, 52, 55, 56, 99",Yes,No,No,Yes,Yes,Yes,Yes,No,No,No,No,Yes,No,No,N/C,N/C,No,No,No,No,N/C,N/C,N/C,N/C,No,N/C,Not required,X,,
,ANC,,,0251,,,,,,,,Pharmacy - General Drugs,MH/SUD/POI,,"11, 12, 21, 22, 23, 51, 52, 55, 56, 99",Yes,No,No,Yes,Yes,Yes,Yes,No,No,No,No,Yes,No,No,N/C,N/C,No,No,No,No,N/C,N/C,N/C,N/C,No,N/C,Not required,X,,
,ANC,,,0252,,,,,,,,Pharmacy - Nongeneric Drugs,MH/SUD/POI,,"11, 12, 21, 22, 23, 51, 52, 55, 56, 99",Yes,No,No,Yes,Yes,Yes,Yes,No,No,No,No,Yes,No,No,N/C,N/C,No,No,No,No,N/C,N/C,N/C,N/C,No,N/C,Not required,X,,
,ANC,,,0257,,,,,,,,Pharmacy - Non Prescription Drugs,MH/SUD/POI,,"11, 12, 21, 22, 23, 51, 52, 55, 56, 99",Yes,No,No,Yes,Yes,Yes,Yes,No,No,No,No,Yes,No,No,N/C,N/C,No,No,No,No,N/C,N/C,N/C,N/C,No,N/C,Not required,X,,
,ANC,,,0258,,,,,,,,Pharmacy - IV Solutions,MH/SUD/POI,,"11, 12, 21, 22, 23, 51, 52, 55, 56, 99",Yes,No,No,Yes,Yes,Yes,Yes,No,No,No,No,Yes,No,No,N/C,N/C,No,No,No,No,N/C,N/C,N/C,N/C,No,N/C,Not required,X,,
,ANC,,,0259,,,,,,,,Pharmacy - Other Pharmacy,MH/SUD/POI,,"11, 12, 21, 22, 23, 51, 52, 55, 56, 99",Yes,No,No,Yes,Yes,Yes,Yes,No,No,No,No,Yes,No,No,N/C,N/C,No,No,No,No,N/C,N/C,N/C,N/C,No,N/C,Not required,X,,
,ANC,,,0260,,,,,,,,Equipment for and administration of IVs,MH/SUD/POI,,"11, 12, 21, 22, 23, 51, 52, 55, 56, 99",Yes,No,No,Yes,Yes,Yes,Yes,No,No,No,No,Yes,No,No,N/C,N/C,No,No,No,No,N/C,N/C,N/C,N/C,No,N/C,Not required,X,,
,ANC,,,0270,,,,,,,,Med/Surg Supplies and Devices General,MH/SUD/POI,,"11, 12, 21, 22, 23, 51, 52, 55, 56, 99",Yes,No,No,Yes,Yes,Yes,Yes,No,No,No,No,Yes,No,No,N/C,N/C,No,No,No,No,N/C,N/C,N/C,N/C,No,N/C,Not required,X,,
,ANC,,,0271,,,,,,,,Med/Surg Supplies ,MH/SUD/POI,,"11, 12, 21, 22, 23, 51, 52, 55, 56, 99",Yes,No,No,Yes,Yes,Yes,Yes,No,No,No,No,Yes,No,No,N/C,N/C,No,No,No,No,N/C,N/C,N/C,N/C,No,N/C,Not required,X,,
,ANC,,,0272,,,,,,,,Med/Surg Supplies and Devices - Sterile,MH/SUD/POI,,"11, 12, 21, 22, 23, 51, 52, 55, 56, 99",Yes,No,No,Yes,Yes,Yes,Yes,No,No,No,No,Yes,No,No,N/C,N/C,No,No,No,No,N/C,N/C,N/C,N/C,No,N/C,Not required,X,,
,ANC,,,0274,,,,,,,,Prosthetic - Orthotic Devices,MH/SUD/POI,,"21, 51, 56, 99",Yes,No,No,Yes,Yes,Yes,Yes,No,No,No,No,Yes,No,No,N/C,N/C,No,No,No,No,N/C,N/C,N/C,N/C,No,N/C,Not required,X,,
,ANC,,,0278,,,,,,,,Medical/Surgical Supplies - Other Implants Classifiction,MH/SUD/POI,,"21, 51, 56, 99",Yes,No,No,Yes,Yes,Yes,Yes,No,No,No,No,Yes,No,No,N/C,N/C,No,No,No,No,N/C,N/C,N/C,N/C,No,N/C,Not required,X,,
,LB2,,,0300,,,,,,,,Laboratory - General Classification,MH/SUD/POI,,"11, 12, 21, 23, 51, 52, 55, 56, 99",Yes,No,No,Yes,Yes,Yes,Yes,No,No,No,No,Yes,No,No,N/C,N/C,No,No,No,No,N/C,N/C,N/C,N/C,No,N/C,Not required,X,,
,LB2,,,0301,,,,,,,,Laboratory - Chemistry,MH/SUD/POI,,"11, 12, 21, 23, 51, 52, 55, 56, 99",Yes,No,No,Yes,Yes,Yes,Yes,No,No,No,No,Yes,No,No,N/C,N/C,No,No,No,No,N/C,N/C,N/C,N/C,No,N/C,Not required,X,,
,LB2,,,0302,,,,,,,,Laboratory - Immunology,MH/SUD/POI,,"11, 12, 21, 23, 51, 52, 55, 56, 99",Yes,No,No,Yes,Yes,Yes,Yes,No,No,No,No,Yes,No,No,N/C,N/C,No,No,No,No,N/C,N/C,N/C,N/C,No,N/C,Not required,X,,
,LB2,,,0304,,,,,,,,Non-Routine Dialysis,MH/SUD/POI,,"11, 12, 21, 23, 51, 52, 55, 56, 99",Yes,No,No,Yes,Yes,Yes,Yes,No,No,No,No,Yes,No,No,N/C,N/C,No,No,No,No,N/C,N/C,N/C,N/C,No,N/C,Not required,X,,
,LB2,,,0305,,,,,,,,Laboratory - Hematology,MH/SUD/POI,,"11, 12, 21, 23, 51, 52, 55, 56, 99",Yes,No,No,Yes,Yes,Yes,Yes,No,No,No,No,Yes,No,No,N/C,N/C,No,No,No,No,N/C,N/C,N/C,N/C,No,N/C,Not required,X,,
,LB2,,,0306,,,,,,,,Laboratory - Bacteriology & Microbiology,MH/SUD/POI,,"11, 12, 21, 23, 51, 52, 55, 56, 99",Yes,No,No,Yes,Yes,Yes,Yes,No,No,No,No,Yes,No,No,N/C,N/C,No,No,No,No,N/C,N/C,N/C,N/C,No,N/C,Not required,X,,
,LB2,,,0307,,,,,,,,Laboratory - Urology,MH/SUD/POI,,"11, 12, 21, 23, 51, 52, 55, 56, 99",Yes,No,No,Yes,Yes,Yes,Yes,No,No,No,No,Yes,No,No,N/C,N/C,No,No,No,No,N/C,N/C,N/C,N/C,No,N/C,Not required,X,,
,LB2,,,0309,,,,,,,,Laboratory - Other,MH/SUD/POI,,"11, 12, 21, 23, 51, 52, 55, 56, 99",Yes,No,No,Yes,Yes,Yes,Yes,No,No,No,No,Yes,No,No,N/C,N/C,No,No,No,No,N/C,N/C,N/C,N/C,No,N/C,Not required,X,,
,LB2,,,0310,,,,,,,,Laboratory Pathology - General,MH/SUD/POI,,"11, 12, 21, 23, 51, 52, 55, 56, 99",Yes,No,No,Yes,Yes,Yes,Yes,No,No,No,No,Yes,No,No,N/C,N/C,No,No,No,No,N/C,N/C,N/C,N/C,No,N/C,Not required,X,,
,LB2,,,0311,,,,,,,,Laboratory Pathological - Cytology,MH/SUD/POI,,"11, 12, 21, 23, 51, 52, 55, 56, 99",Yes,No,No,Yes,Yes,Yes,Yes,No,No,No,No,Yes,No,No,N/C,N/C,No,No,No,No,N/C,N/C,N/C,N/C,No,N/C,Not required,X,,
,LB2,,,0312,,,,,,,,Histology,MH/SUD/POI,,"11, 12, 21, 23, 51, 52, 55, 56, 99",Yes,No,No,Yes,Yes,Yes,Yes,No,No,No,No,Yes,No,No,N/C,N/C,No,No,No,No,N/C,N/C,N/C,N/C,No,N/C,Not required,X,,
,ANC,,,0320,,,,,,,,Radiology-Diagnostic General Class,MH/SUD/POI,,"11, 12, 21, 22, 23, 51, 52, 55, 56, 99",Yes,No,No,Yes,Yes,Yes,Yes,No,No,No,No,Yes,No,No,N/C,N/C,No,No,No,No,N/C,N/C,N/C,N/C,No,N/C,Not required,X,,
,ANC,,,0321,,,,,,,,Angiocardiography,MH/SUD/POI,,"11, 12, 21, 22, 23, 51, 52, 55, 56, 99",Yes,No,No,Yes,Yes,Yes,Yes,No,No,No,No,Yes,No,No,N/C,N/C,No,No,No,No,N/C,N/C,N/C,N/C,No,N/C,Not required,X,,
,ANC,,,0324,,,,,,,,Radiology-Diagnostic Chest X-Ray,MH/SUD/POI,,"11, 12, 21, 22, 23, 51, 52, 55, 56, 99",Yes,No,No,Yes,Yes,Yes,Yes,No,No,No,No,Yes,No,No,N/C,N/C,No,No,No,No,N/C,N/C,N/C,N/C,No,N/C,Not required,X,,
,ANC,,,0333,,,,,,,,Radiation Therapy,MH/SUD/POI,,"11, 12, 21, 22, 23, 51, 52, 55, 56, 99",Yes,No,No,Yes,Yes,Yes,Yes,No,No,No,No,Yes,No,No,N/C,N/C,No,No,No,No,N/C,N/C,N/C,N/C,No,N/C,Not required,X,,
,ANC,,,0335,,,,,,,,Chemotherapy Administration - IV,MH/SUD/POI,,"11, 12, 21, 22, 23, 51, 52, 55, 56, 99",Yes,No,No,Yes,Yes,Yes,Yes,No,No,No,No,Yes,No,No,N/C,N/C,No,No,No,No,N/C,N/C,N/C,N/C,No,N/C,Not required,X,,
,ANC,,,0340,,,,,,,,Nuclear Medicine - Diagnostic Procedures,MH/SUD/POI,,"11, 12, 21, 22, 23, 51, 52, 55, 56, 99",Yes,No,No,Yes,Yes,Yes,Yes,No,No,No,No,Yes,No,No,N/C,N/C,No,No,No,No,N/C,N/C,N/C,N/C,No,N/C,Not required,X,,
,ANC,,,0341,,,,,,,,Nuclear Medicine - General,MH/SUD/POI,,"11, 12, 21, 22, 23, 51, 52, 55, 56, 99",Yes,No,No,Yes,Yes,Yes,Yes,No,No,No,No,Yes,No,No,N/C,N/C,No,No,No,No,N/C,N/C,N/C,N/C,No,N/C,Not required,X,,
,ANC,,,0343,,,,,,,,Diagnostic Radiopharmacueticals,MH/SUD/POI,,"11, 12, 21, 22, 23, 51, 52, 55, 56, 99",Yes,No,No,Yes,Yes,Yes,Yes,No,No,No,No,Yes,No,No,N/C,N/C,No,No,No,No,N/C,N/C,N/C,N/C,No,N/C,Not required,X,,
,ANC,,,0349,,,,,,,,Nuclear Medicine - Other,MH/SUD/POI,,"11, 12, 21, 22, 23, 51, 52, 55, 56, 99",Yes,No,No,Yes,Yes,Yes,Yes,No,No,No,No,Yes,No,No,N/C,N/C,No,No,No,No,N/C,N/C,N/C,N/C,No,N/C,Not required,X,,
,ANC,,,0350,,,,,,,,CT Scan - General,MH/SUD/POI,,"11, 12, 21, 22, 23, 51, 52, 55, 56, 99",Yes,No,No,Yes,Yes,Yes,Yes,No,No,No,No,Yes,No,No,N/C,N/C,No,No,No,No,N/C,N/C,N/C,N/C,No,N/C,Not required,X,,
,ANC,,,0351,,,,,,,,CT Scan - Head,MH/SUD/POI,,"11, 12, 21, 22, 23, 51, 52, 55, 56, 99",Yes,No,No,Yes,Yes,Yes,Yes,No,No,No,No,Yes,No,No,N/C,N/C,No,No,No,No,N/C,N/C,N/C,N/C,No,N/C,Not required,X,,
,ANC,,,0352,,,,,,,,CT Scan - Body,MH/SUD/POI,,"11, 12, 21, 22, 23, 51, 52, 55, 56, 99",Yes,No,No,Yes,Yes,Yes,Yes,No,No,No,No,Yes,No,No,N/C,N/C,No,No,No,No,N/C,N/C,N/C,N/C,No,N/C,Not required,X,,
,ANC,,,0360,,,,,,,,Operating Room Services - General,MH/SUD/POI,,"11, 12, 21, 22, 23, 51, 52, 55, 56, 99",Yes,No,No,Yes,Yes,Yes,Yes,No,No,No,No,Yes,No,No,N/C,N/C,No,No,No,No,N/C,N/C,N/C,N/C,No,N/C,Not required,X,,
,ANC,,,0361,,,,,,,,Operating Room Services - Minor Surgery,MH/SUD/POI,,"11, 12, 21, 22, 23, 51, 52, 55, 56, 99",Yes,No,No,Yes,Yes,Yes,Yes,No,No,No,No,Yes,No,No,N/C,N/C,No,No,No,No,N/C,N/C,N/C,N/C,No,N/C,Not required,X,,
,ANC,,,0370,,,,,,,,Anesthesia - General,MH/SUD/POI,,"11, 12, 21, 22, 23, 51, 52, 55, 56, 99",Yes,No,No,Yes,Yes,Yes,Yes,No,No,No,No,Yes,No,No,N/C,N/C,No,No,No,No,N/C,N/C,N/C,N/C,No,N/C,Not required,X,,
,ANC,,,0390,,,,,,,,Blood - General,MH/SUD/POI,,"11, 12, 21, 22, 23, 51, 52, 55, 56, 99",Yes,No,No,Yes,Yes,Yes,Yes,No,No,No,No,Yes,No,No,N/C,N/C,No,No,No,No,N/C,N/C,N/C,N/C,No,N/C,Not required,X,,
,ANC,,,0391,,,,,,,,Blood - Administration (transfusion),MH/SUD/POI,,"11, 12, 21, 22, 23, 51, 52, 55, 56, 99",Yes,No,No,Yes,Yes,Yes,Yes,No,No,No,No,Yes,No,No,N/C,N/C,No,No,No,No,N/C,N/C,N/C,N/C,No,N/C,Not required,X,,
,ANC,,,0400,,,,,,,,Other Imaging Services - General Classification,MH/SUD/POI,,"11, 12, 21, 22, 23, 51, 52, 55, 56, 99",Yes,No,No,Yes,Yes,Yes,Yes,No,No,No,No,Yes,No,No,N/C,N/C,No,No,No,No,N/C,N/C,N/C,N/C,No,N/C,Not required,X,,
,ANC,,,0402,,,,,,,,Ultrasound,MH/SUD/POI,,"11, 12, 21, 22, 23, 51, 52, 55, 56, 99",Yes,No,No,Yes,Yes,Yes,Yes,No,No,No,No,Yes,No,No,N/C,N/C,No,No,No,No,N/C,N/C,N/C,N/C,No,N/C,Not required,X,,
,ANC,,,0404,,,,,,,,Positron Emission Tomography (PET),MH/SUD/POI,,"11, 12, 21, 22, 23, 51, 52, 55, 56, 99",Yes,No,No,Yes,Yes,Yes,Yes,No,No,No,No,Yes,No,No,N/C,N/C,No,No,No,No,N/C,N/C,N/C,N/C,No,N/C,Not required,X,,
,ANC,,,0410,,,,,,,,Respiratory Services - General,MH/SUD/POI,,"11, 12, 21, 22, 23, 51, 52, 55, 56, 99",Yes,No,No,Yes,Yes,Yes,Yes,No,No,No,No,Yes,No,No,N/C,N/C,No,No,No,No,N/C,N/C,N/C,N/C,No,N/C,Not required,X,,
,ANC,,,0412,,,,,,,,Respiratory Services - Inhalation,MH/SUD/POI,,"11, 12, 21, 22, 23, 51, 52, 55, 56, 99",Yes,No,No,Yes,Yes,Yes,Yes,No,No,No,No,Yes,No,No,N/C,N/C,No,No,No,No,N/C,N/C,N/C,N/C,No,N/C,Not required,X,,
,ANC,,,0420,,,,,,,,Physical Therapy - General,MH/SUD/POI,,"11, 12, 21, 22, 23, 51, 52, 55, 56, 99",Yes,No,No,Yes,Yes,Yes,Yes,No,No,No,No,Yes,No,No,N/C,N/C,No,No,No,No,N/C,N/C,N/C,N/C,No,N/C,Not required,X,,
,ANC,,,0424,,,,,,,,Physical Therapy - Eval/Re-Eval,MH/SUD/POI,,"11, 12, 21, 22, 23, 51, 52, 55, 56, 99",Yes,No,No,Yes,Yes,Yes,Yes,No,No,No,No,Yes,No,No,N/C,N/C,No,No,No,No,N/C,N/C,N/C,N/C,No,N/C,Not required,X,,
,ANC,,,0430,,,,,,,,Occupational Therapy - General,MH/SUD/POI,,"11, 12, 21, 22, 23, 51, 52, 55, 56, 99",Yes,No,No,Yes,Yes,Yes,Yes,No,No,No,No,Yes,No,No,N/C,N/C,No,No,No,No,N/C,N/C,N/C,N/C,No,N/C,Not required,X,,
,ANC,,,0433,,,,,,,,Occupational Therapy - Group,MH/SUD/POI,,"11, 12, 21, 22, 23, 51, 52, 55, 56, 99",Yes,No,No,Yes,Yes,Yes,Yes,No,No,No,No,Yes,No,No,N/C,N/C,No,No,No,No,N/C,N/C,N/C,N/C,No,N/C,Not required,X,,
,ANC,,,0434,,,,,,,,Occupational Therapy - Eval,MH/SUD/POI,,"11, 12, 21, 22, 23, 51, 52, 55, 56, 99",Yes,No,No,Yes,Yes,Yes,Yes,No,No,No,No,Yes,No,No,N/C,N/C,No,No,No,No,N/C,N/C,N/C,N/C,No,N/C,Not required,X,,
,ANC,,,0440,,,,,,,,Speech/Language Pathology - General,MH/SUD/POI,,"11, 12, 21, 22, 23, 51, 52, 55, 56, 99",Yes,No,No,Yes,Yes,Yes,Yes,No,No,No,No,Yes,No,No,N/C,N/C,No,No,No,No,N/C,N/C,N/C,N/C,No,N/C,Not required,X,,
,ANC,,,0444,,,,,,,,Speech/Language Path - Eval/Re-Eval,MH/SUD/POI,,"11, 12, 21, 22, 23, 51, 52, 55, 56, 99",Yes,No,No,Yes,Yes,Yes,Yes,No,No,No,No,Yes,No,No,N/C,N/C,No,No,No,No,N/C,N/C,N/C,N/C,No,N/C,Not required,X,,
,ANC,,,0460,,,,,,,,Pulmonary Function - General,MH/SUD/POI,,"11, 12, 21, 22, 23, 51, 52, 55, 56, 99",Yes,No,No,Yes,Yes,Yes,Yes,No,No,No,No,Yes,No,No,N/C,N/C,No,No,No,No,N/C,N/C,N/C,N/C,No,N/C,Not required,X,,
,ANC,,,0480,,,,,,,,Cardiology - General,MH/SUD/POI,,"11, 12, 21, 22, 23, 51, 52, 55, 56, 99",Yes,No,No,Yes,Yes,Yes,Yes,No,No,No,No,Yes,No,No,N/C,N/C,No,No,No,No,N/C,N/C,N/C,N/C,No,N/C,Not required,X,,
,ANC,,,0481,,,,,,,,Cardiology - Cardiac Cath Lab,MH/SUD/POI,,"21, 51, 56, 99",Yes,No,No,Yes,Yes,Yes,Yes,No,No,No,No,Yes,No,No,N/C,N/C,No,No,No,No,N/C,N/C,N/C,N/C,No,N/C,Not required,X,,
,ANC,,,0482,,,,,,,,Cardiology - Stress,MH/SUD/POI,,"11, 12, 21, 22, 23, 51, 52, 55, 56, 99",Yes,No,No,Yes,Yes,Yes,Yes,No,No,No,No,Yes,No,No,N/C,N/C,No,No,No,No,N/C,N/C,N/C,N/C,No,N/C,Not required,X,,
,ANC,,,0483,,,,,,,,Cardiology - Echocardiology,MH/SUD/POI,,"11, 12, 21, 22, 23, 51, 52, 55, 56, 99",Yes,No,No,Yes,Yes,Yes,Yes,No,No,No,No,Yes,No,No,N/C,N/C,No,No,No,No,N/C,N/C,N/C,N/C,No,N/C,Not required,X,,
,ANC,,,0610,,,,,,,,Diagnostic Services,MH/SUD/POI,,"11, 12, 21, 22, 23, 51, 52, 55, 56, 99",Yes,No,No,Yes,Yes,Yes,Yes,No,No,No,No,Yes,No,No,N/C,N/C,No,No,No,No,N/C,N/C,N/C,N/C,No,N/C,Not required,X,,
,ANC,,,0611,,,,,,,,MRI,MH/SUD/POI,,"11, 12, 21, 22, 23, 51, 52, 55, 56, 99",Yes,No,No,Yes,Yes,Yes,Yes,No,No,No,No,Yes,No,No,N/C,N/C,No,No,No,No,N/C,N/C,N/C,N/C,No,N/C,Not required,X,,
,ANC,,,0612,,,,,,,,MRI - Spinal Cord,MH/SUD/POI,,"11, 12, 21, 22, 23, 51, 52, 55, 56, 99",Yes,No,No,Yes,Yes,Yes,Yes,No,No,No,No,Yes,No,No,N/C,N/C,No,No,No,No,N/C,N/C,N/C,N/C,No,N/C,Not required,X,,
,ANC,,,0615,,,,,,,,MRA - Head & Neck,MH/SUD/POI,,"11, 12, 21, 22, 23, 51, 52, 55, 56, 99",Yes,No,No,Yes,Yes,Yes,Yes,No,No,No,No,Yes,No,No,N/C,N/C,No,No,No,No,N/C,N/C,N/C,N/C,No,N/C,Not required,X,,
,ANC,,,0636,,,,,,,,Drugs Requiring Detail Coding,MH/SUD/POI,,"11, 12, 21, 22, 23, 51, 52, 55, 56, 99",Yes,No,No,Yes,Yes,Yes,Yes,No,No,No,No,Yes,No,No,N/C,N/C,No,No,No,No,N/C,N/C,N/C,N/C,No,N/C,Not required,X,,
,LB2,,,0637,,,,,,,,Self Administrable Drugs,MH/SUD/POI,,"11, 12, 21, 23, 51, 52, 55, 56, 99",Yes,No,No,Yes,Yes,Yes,Yes,No,No,No,No,Yes,No,No,N/C,N/C,No,No,No,No,N/C,N/C,N/C,N/C,No,N/C,Not required,X,,
,ANC,,,0710,,,,,,,,Recovery Room - General,MH/SUD/POI,,"11, 12, 21, 22, 23, 51, 52, 55, 56, 99",Yes,No,No,Yes,Yes,Yes,Yes,No,No,No,No,Yes,No,No,N/C,N/C,No,No,No,No,N/C,N/C,N/C,N/C,No,N/C,Not required,X,,
,ANC,,,0720,,,,,,,,Labor Room - General,MH/SUD/POI,,"11, 12, 21, 22, 23, 51, 52, 55, 56, 99",Yes,No,No,Yes,Yes,Yes,Yes,No,No,No,No,Yes,No,No,N/C,N/C,No,No,No,No,N/C,N/C,N/C,N/C,No,N/C,Not required,X,,
,ANC,,,0729,,,,,,,,Other Labor Room,MH/SUD/POI,,"11, 12, 21, 22, 23, 51, 52, 55, 56, 99",Yes,No,No,Yes,Yes,Yes,Yes,No,No,No,No,Yes,No,No,N/C,N/C,No,No,No,No,N/C,N/C,N/C,N/C,No,N/C,Not required,X,,
,LB2,,,0730,,,,,,,,EKG/ECG,MH/SUD/POI,,"11, 12, 21, 23, 51, 52, 55, 56, 99",Yes,No,No,Yes,Yes,Yes,Yes,No,No,No,No,Yes,No,No,N/C,N/C,No,No,No,No,N/C,N/C,N/C,N/C,No,N/C,Not required,X,,
,ANC,,,0731,,,,,,,,Holter Monitor,MH/SUD/POI,,"11, 12, 21, 22, 23, 51, 52, 55, 56, 99",Yes,No,No,Yes,Yes,Yes,Yes,No,No,No,No,Yes,No,No,N/C,N/C,No,No,No,No,N/C,N/C,N/C,N/C,No,N/C,Not required,X,,
,ANC,,,0740,,,,,,,,EEG,MH/SUD/POI,,"11, 12, 21, 22, 23, 51, 52, 55, 56, 99",Yes,No,No,Yes,Yes,Yes,Yes,No,No,No,No,Yes,No,No,N/C,N/C,No,No,No,No,N/C,N/C,N/C,N/C,No,N/C,Not required,X,,
,ANC,,,0761,,,,,,,,23 Hour Crisis Stabilization,MH/SUD/POI,,"11, 12, 21, 22, 23, 51, 52, 55, 56, 99",Yes,No,No,Yes,Yes,Yes,Yes,No,No,No,No,Yes,No,No,N/C,N/C,No,No,No,No,N/C,N/C,N/C,N/C,No,N/C,Not required,X,,
,ANC,,,0762,,,,,,,,Treatment or Observation Room - Observation Room,MH/SUD/POI,,"11, 12, 21, 22, 23, 51, 52, 55, 56, 99",Yes,No,No,Yes,Yes,Yes,Yes,No,No,No,No,Yes,No,No,N/C,N/C,No,No,No,No,N/C,N/C,N/C,N/C,No,N/C,Not required,X,,
,ANC,,,0771,,,,,,,,Vaccine Administration,MH/SUD/POI,,"11, 12, 21, 22, 23, 51, 52, 55, 56, 99",Yes,No,No,Yes,Yes,Yes,Yes,No,No,No,No,Yes,No,No,N/C,N/C,No,No,No,No,N/C,N/C,N/C,N/C,No,N/C,Not required,X,,
,ANC,,,0801,,,,,,,,Inpatient Hemiodialysis,MH/SUD/POI,,"21, 51, 56, 99",Yes,No,No,Yes,Yes,Yes,Yes,No,No,No,No,Yes,No,No,N/C,N/C,No,No,No,No,N/C,N/C,N/C,N/C,No,N/C,Not required,X,,
,SUD,,,0900,,,,,,,,Psychiatric/Psychological Treatment-General,MH/SUD,,"21, 23, 51, 56, 99",Yes,No,No,Yes,Yes,Yes,Yes,No,No,No,No,Yes,No,No,N/C,N/C,No,No,No,No,N/C,N/C,N/C,N/C,No,N/C,Not required,X,,
,ANC,,,0902,,,,,,,,Milieu Therapy,MH/SUD/POI,,"11, 12, 21, 22, 23, 51, 52, 55, 56, 99",Yes,No,No,Yes,Yes,Yes,Yes,No,No,No,No,Yes,No,No,N/C,N/C,No,No,No,No,N/C,N/C,N/C,N/C,No,N/C,Not required,X,,
,ANC,,,0904,,,,,,,,MH Treatments-Act Therapy,MH/SUD/POI,,"11, 12, 21, 22, 23, 51, 52, 55, 56, 99",Yes,No,No,Yes,Yes,Yes,Yes,No,No,No,No,Yes,No,No,N/C,N/C,No,No,No,No,N/C,N/C,N/C,N/C,No,N/C,Not required,X,,
,ANC,,,0921,,,,,,,,Peripheral Vascular Lab,MH/SUD/POI,,"11, 12, 21, 22, 23, 51, 52, 55, 56, 99",Yes,No,No,Yes,Yes,Yes,Yes,No,No,No,No,Yes,No,No,N/C,N/C,No,No,No,No,N/C,N/C,N/C,N/C,No,N/C,Not required,X,,
,ANC,,,0922,,,,,,,,Electromyelogram - EMG,MH/SUD/POI,,"21, 51, 56, 99",Yes,No,No,Yes,Yes,Yes,Yes,No,No,No,No,Yes,No,No,N/C,N/C,No,No,No,No,N/C,N/C,N/C,N/C,No,N/C,Not required,X,,
,ANC,,,0925,,,,,,,,Pregnancy Test,MH/SUD/POI,,"11, 12, 21, 22, 23, 51, 52, 55, 56, 99",Yes,No,No,Yes,Yes,Yes,Yes,No,No,No,No,Yes,No,No,N/C,N/C,No,No,No,No,N/C,N/C,N/C,N/C,No,N/C,Not required,X,,
,ANC,,,0942,,,,,,,,Other Therapeutic Services - Drug Rehab,MH/SUD/POI,,"11, 12, 21, 22, 23, 51, 52, 55, 56, 99",Yes,No,No,Yes,Yes,Yes,Yes,No,No,No,No,Yes,No,No,N/C,N/C,No,No,No,No,N/C,N/C,N/C,N/C,No,N/C,Not required,X,,
,ANC,,,0981,,,,,,,,Professional Fees - ER,MH/SUD/POI,,"11, 12, 21, 22, 23, 51, 52, 55, 56, 99",Yes,No,No,Yes,Yes,Yes,Yes,No,No,No,No,Yes,No,No,N/C,N/C,No,No,No,No,N/C,N/C,N/C,N/C,No,N/C,Not required,X,,
,ANC,,,0985,,,,,,,,Professional Fees - EKG,MH/SUD/POI,,"11, 12, 21, 22, 23, 51, 52, 55, 56, 99",Yes,No,No,Yes,Yes,Yes,Yes,No,No,No,No,Yes,No,No,N/C,N/C,No,No,No,No,N/C,N/C,N/C,N/C,No,N/C,Not required,X,,
,ANI,,,0490,,,,,,,,Ambulatory Surgery Care - General,MH/SUD,,"21, 51, 56, 99",Yes,No,No,Yes,Yes,Yes,Yes,No,No,No,No,Yes,No,No,N/C,N/C,No,No,No,No,N/C,N/C,N/C,N/C,No,N/C,Not required,X,,
,ANI,,,0511,,,,,,,,Chronic Pain Center,MH/SUD,,"21, 51, 56, 99",Yes,No,No,Yes,Yes,Yes,Yes,No,No,No,No,Yes,No,No,N/C,N/C,No,No,No,No,N/C,N/C,N/C,N/C,No,N/C,Not required,X,,
,TIN,,,0510,,,,,,,,Clinic - General,MH/SUD,,"21, 51, 56, 99",Yes,No,No,Yes,Yes,Yes,Yes,No,No,No,No,Yes,No,No,N/C,N/C,No,No,No,No,N/C,N/C,N/C,N/C,No,N/C,Not required,X,,
,TIN,,,0513,,,,,,,,Psychiatric Clinic,MH/SUD,,"21, 51, 56, 99",Yes,No,No,Yes,Yes,Yes,Yes,No,No,No,No,Yes,No,No,N/C,N/C,No,No,No,No,N/C,N/C,N/C,N/C,No,N/C,Not required,X,,
,TIN,,,0914,,,,,,,,Psychiatric/Psychological Services - Individual,MH/SUD,,"21, 51, 56, 99",Yes,No,No,Yes,Yes,Yes,Yes,No,No,No,No,Yes,No,No,N/C,N/C,No,No,No,No,N/C,N/C,N/C,N/C,No,N/C,Not required,X,,
,TIN,,,0915,,,,,,,,Psychiatric/Psychological Services - Individual,MH/SUD,,"21, 51, 56, 99",Yes,No,No,Yes,Yes,Yes,Yes,No,No,No,No,Yes,No,No,N/C,N/C,No,No,No,No,N/C,N/C,N/C,N/C,No,N/C,Not required,X,,
,TIN,,,0916,,,,,,,,Psychiatric/Psychological Services - Individual,MH/SUD,,"21, 51, 56, 99",Yes,No,No,Yes,Yes,Yes,Yes,No,No,No,No,Yes,No,No,N/C,N/C,No,No,No,No,N/C,N/C,N/C,N/C,No,N/C,Not required,X,,
,TIN,,,0917,,,,,,,,Biofeedback,MH/SUD,,"21, 51, 56, 99",Yes,No,No,Yes,Yes,Yes,Yes,No,No,No,No,Yes,No,No,N/C,N/C,No,No,No,No,N/C,N/C,N/C,N/C,No,N/C,Not required,X,,
,TIN,,,0919,,,,,,,,Psychiatric/Psychological Services - Other,MH/SUD,,"21, 51, 56, 99",Yes,No,No,Yes,Yes,Yes,Yes,No,No,No,No,Yes,No,No,N/C,N/C,No,No,No,No,N/C,N/C,N/C,N/C,No,N/C,Not required,X,,
,TIN,,,0929,,,,,,,,Other Diagnostic Services,MH/SUD,,"21, 51, 56, 99",Yes,No,No,Yes,Yes,Yes,Yes,No,No,No,No,Yes,No,No,N/C,N/C,No,No,No,No,N/C,N/C,N/C,N/C,No,N/C,Not required,X,,
,ANC,,,0509,,,,,,,,Other Outpatient Care,MH/SUD/POI,,"21, 51, 56, 99",Yes,No,No,Yes,Yes,No,No,No,No,No,No,Yes,No,No,N/C,N/C,No,No,N/C,N/C,N/C,N/C,N/C,N/C,No,N/C,Not required,X,,
,IOP,,,0949,,,,,,,,Other Therapeutic Services,MH/SUD,,"11, 12, 99",No,No,No,Yes,Yes,Yes,Yes,No,No,No,No,No,No,N/C,N/C,N/C,No,No,No,No,N/C,N/C,N/C,N/C,N/C,N/C,Not required,X,,
,IO4,,,0906,,,,,,,,Intensive Outpatient - (Hosp Based),SUD,,"21, 51, 55, 56, 99",No,No,No,Yes,Yes,Yes,No,No,No,No,No,No,No,N/C,N/C,N/C,No,No,No,N/C,N/C,N/C,N/C,N/C,N/C,N/C,Not required,X,,
,POH,,,0901,,,,,,,,ECT Facility,MH,,"12, 99",No,No,No,Yes,Yes,Yes,Yes,No,No,No,No,No,No,N/C,N/C,N/C,No,No,No,No,N/C,N/C,N/C,N/C,N/C,N/C,Not required,X,,
ABA Services,ABT,,,97153,,,,,,,,"Adaptive behavior treatment by protocol, administered by technician under the direction of physician or other QHP, face-to face with one patient, each 15 minutes.",AUT,,"03, 11, 12, 14, 53, 99",No,No,No,Yes,Yes,No,No,No,No,No,No,No,No,N/C,N/C,N/C,Yes,No,N/C,N/C,N/C,N/C,N/C,N/C,N/C,N/C,Carelon BH,,X,
,ABT,,,97154,,,,,,,,"Group adaptive behavior treatment by protocol, administered by technician under the direction of a physician or other QHP, face-to-face with 2 or more patients, each 15 minutes.",AUT,,"03, 11, 12, 14, 53",No,No,No,Yes,Yes,No,No,No,No,No,No,No,No,N/C,N/C,N/C,Yes,No,N/C,N/C,N/C,N/C,N/C,N/C,N/C,N/C,Carelon BH,,X,
,ABH,,,97156,,,,,,,,"Family adaptive behavior treatment guidance administered by physician or other QHP (without the patient present), face-to-face with guardian(s)/caregiver(s), each 15 minutes.",AUT,,"03, 11, 12, 14, 53, 99",No,No,No,Yes,Yes,No,No,No,No,No,No,No,No,N/C,N/C,N/C,Yes,No,N/C,N/C,N/C,N/C,N/C,N/C,N/C,N/C,Carelon BH,,X,
,ABH,,,97156,U2,,,,,,,"Family adaptive behavior treatment guidance administered by physician or other QHP (with the patient present), face-to-face with guardian(s)/caregiver(s), each 15 minutes.",AUT,,"03, 11, 12, 14, 53, 99",No,No,No,Yes,Yes,No,No,No,No,No,No,No,No,N/C,N/C,N/C,Yes,No,N/C,N/C,N/C,N/C,N/C,N/C,N/C,N/C,Carelon BH,,X,
,ABH,,,97156,GT,,,,,,,"Family adaptive behavior treatment guidance administered by physician or other QHP (with the patient present), face-to-face with guardian(s)/caregiver(s), each 15 minutes via interactive audio video telecom.",AUT,,"03, 11, 12, 14, 53, 99",No,No,No,Yes,Yes,No,No,No,No,No,No,No,No,N/C,N/C,N/C,Yes,No,N/C,N/C,N/C,N/C,N/C,N/C,N/C,N/C,Carelon BH,,X,
,ABH,,,97156,U2,GT,,,,,,"Family adaptive behavior treatment guidance administered by physician or other QHP (with the patient present), face-to-face with guardian(s)/caregiver(s), each 15 minutes.",AUT,,"03, 11, 12, 14, 53, 99",No,No,No,Yes,Yes,No,No,No,No,No,No,No,No,N/C,N/C,N/C,Yes,No,N/C,N/C,N/C,N/C,N/C,N/C,N/C,N/C,Carelon BH,,X,
,ABH,,,97157,,,,,,,,Multiple-family group adaptive behavior treatment guidance administered by physician or other qualified healthcare professional (without the patient present) face-t-face with multiple sets of guardian(s)/caregiver(s).,AUT,,"03, 11, 12, 14, 53",No,No,No,Yes,Yes,No,No,No,No,No,No,No,No,N/C,N/C,N/C,Yes,No,N/C,N/C,N/C,N/C,N/C,N/C,N/C,N/C,Carelon BH,,X,
,ABH,,,97157,GT,,,,,,,Multiple-family group adaptive behavior treatment guidance administered by physician or other qualified healthcare professional (without the patient present) face-t-face with multiple sets of guardian(s)/caregiver(s) via interactive audio video telecom.,AUT,,"03, 11, 12, 14, 53",No,No,No,Yes,Yes,No,No,No,No,No,No,No,No,N/C,N/C,N/C,Yes,No,N/C,N/C,N/C,N/C,N/C,N/C,N/C,N/C,Carelon BH,,X,
,ABG,,,97158,,,,,,,,"Group adaptive behavior treatment with protocol modifications, administered by a physician or other QHP, face to face with multiple patient's, each 15 minutes.",AUT,,"03, 11, 12, 14, 53",No,No,No,Yes,Yes,No,No,No,No,No,No,No,No,N/C,N/C,N/C,Yes,No,N/C,N/C,N/C,N/C,N/C,N/C,N/C,N/C,Carelon BH,,X,
,ABO,,,97151,,,,,,,,"Behavior identification assessment, administered by a physician or other qualified healthcare professional, each 15 minutes of the physician's or other QHHP's time face-to-face with patient, and/or guardian(s) administering assessments and discussing findings and recommendations, and non face-to-face analyzing past data, scoring/interpreting the assessment, and preparing the report/treatment plan.",AUT,,"03, 11, 12, 14, 53, 99",No,No,No,Yes,Yes,No,No,No,No,No,No,No,No,N/C,N/C,N/C,Yes,No,N/C,N/C,N/C,N/C,N/C,N/C,N/C,N/C,Carelon BH,,X,
,ABO,,,97152,,,,,,,,"Behavior identification supporting assessment, administered by one technician under the direction of a physician or other qualified healthcare professional, face to face with the patient, each 15 minutes.",AUT,,"03, 11, 12, 14, 53, 99",No,No,No,Yes,Yes,No,No,No,No,No,No,No,No,N/C,N/C,N/C,Yes,No,N/C,N/C,N/C,N/C,N/C,N/C,N/C,N/C,Carelon BH,,X,
,ABO,,09/30/26,H2012,,,,,,,,ABA Treatment Planning,AUT,,"03, 11, 12, 14, 53",No,No,No,Yes,Yes,No,No,No,No,No,No,No,No,N/C,N/C,N/C,Yes,No,N/C,N/C,N/C,N/C,N/C,N/C,N/C,N/C,Carelon BH,,X,
,ABS,,,0362T,,,,,,,,"Behavior identification is supporting assessment, each 15 minutes of technician's time face-to-face with a patient requiring the following components: *administered by the physician or other qualified healthcare professional who is on-site, *with the assistance of two or more technicians, *for a patient who exhibits destructive behavior, *completed in an environment that is customized to a patient's behavior.",AUT,,"03, 11, 12, 14, 53",No,No,No,Yes,Yes,No,No,No,No,No,No,No,No,N/C,N/C,N/C,Yes,No,N/C,N/C,N/C,N/C,N/C,N/C,N/C,N/C,Carelon BH,,X,
,ABE,,,0373T,,,,,,,,"Adaptive behavior treatment with protocol modification, each 15 minutes of technician's time face-to-face with a patient requiring the following components: *administered by the physician or other qualified healthcare professional who is on site, *with the assistance of two or more technicians, *for a patient who exhibits destructive behavior, *completed in an environment that is customized to a patient's behavior.",AUT,,"03, 11, 12, 14, 53",No,No,No,Yes,Yes,No,No,No,No,No,No,No,No,N/C,N/C,N/C,Yes,No,N/C,N/C,N/C,N/C,N/C,N/C,N/C,N/C,Carelon BH,,X,
,ABR,,,97155,,,,,,,,"Adaptive behavior treatment, with protocol modification, administered by physician or other QHP, which includes simultaneous direction of technician, face-to-face with one patient, each 15 minutes",AUT,,"03, 11, 12, 14, 53, 99",No,No,No,Yes,Yes,No,No,No,No,No,No,No,No,N/C,N/C,N/C,Yes,No,N/C,N/C,N/C,N/C,N/C,N/C,N/C,N/C,Carelon BH,,X,
,ABR,,,97155,GT,,,,,,,"Adaptive behavior treatment, with protocol modification, administered by physician or other QHP, which includes simultaneous direction of technician, face-to-face with one patient, each 15 minutes via interactive audio video telecom.",AUT,,"03, 11, 12, 14, 53, 99",No,No,No,Yes,Yes,No,No,No,No,No,No,No,No,N/C,N/C,N/C,Yes,No,N/C,N/C,N/C,N/C,N/C,N/C,N/C,N/C,Carelon BH,,X,
Segue - Limited Pilot Program,SEG,,,S9976,,,,,,,,Lodging Per Diem - to treat individuals who have proven difficult to place and assist them in transitioning into community services. ,MH/SUD,,15,No,No,No,No,No,Yes,Yes,Yes,No,No,No,No,No,N/C,N/C,N/C,N/C,N/C,Yes,Yes,Yes,N/C,N/C,N/C,N/C,N/C,Carelon BH,,X,
Mobile Crisis Team (MCT),MC1,,,H2011,,,,,,,,Mobile Crisis Team Services,All,No DX restriction,15,No,No,No,Yes,Yes,Yes,Yes,Yes,No,Yes,No,No,No,N/C,N/C,N/C,No,No,No,No,No,N/C,No,N/C,N/C,N/C,Not required,,X,
,MCT,,,H2015,,,,,,,,Mobile Crisis Follow-Up Outreach,All,No DX restriction,"11, 12, 15",No,No,No,Yes,Yes,Yes,Yes,Yes,No,Yes,No,No,No,N/C,N/C,N/C,Yes,Yes,Yes,Yes,Yes,N/C,Yes,N/C,N/C,N/C,Carelon BH,,X,
,MCT,,,H2015,GT,,,,,,,Mobile Crisis Follow-Up Outreach,All,No DX restriction,"11, 12, 15",No,No,No,Yes,Yes,Yes,Yes,Yes,No,Yes,No,No,No,N/C,N/C,N/C,Yes,Yes,Yes,Yes,Yes,N/C,Yes,N/C,N/C,N/C,Carelon BH,,X,
,MCT,,,H2015,UB,,,,,,,Mobile Crisis Follow-Up Outreach,All,No DX restriction,"11, 12, 15",No,No,No,Yes,Yes,Yes,Yes,Yes,No,Yes,No,No,No,N/C,N/C,N/C,Yes,Yes,Yes,Yes,Yes,N/C,Yes,N/C,N/C,N/C,Carelon BH,,X,
Guest Dosing,MET,,,W9520,,,,,,,,Guest Dosing - Methadone,SUD,,"11, 31, 32, 50, 57, 71, 72",No,No,No,Yes,Yes,Yes,Yes,Yes,No,No,No,No,No,N/C,N/C,N/C,"No
Yes for Day 30+","No
Yes for Day 30+","No
Yes for Day 30+","No
Yes for Day 30+","No
Yes for Day 30+",N/C,N/C,N/C,N/C,N/C,,,X,
,MET,,,W9520,GT,,,,,,,Guest Dosing - Methadone - Telehealth,SUD,,"11, 31, 32, 50, 57, 71, 72",No,No,No,Yes,Yes,Yes,Yes,Yes,No,No,No,No,No,N/C,N/C,N/C,"No
Yes for Day 30+","No
Yes for Day 30+","No
Yes for Day 30+","No
Yes for Day 30+","No
Yes for Day 30+",N/C,N/C,N/C,N/C,N/C,,,X,
,MET,,,W9520,UB,,,,,,,Guest Dosing - Methadone,SUD,,"11, 31, 32, 50, 57, 71, 72",No,No,No,Yes,Yes,Yes,Yes,Yes,No,No,No,No,No,N/C,N/C,N/C,"No
Yes for Day 30+","No
Yes for Day 30+","No
Yes for Day 30+","No
Yes for Day 30+","No
Yes for Day 30+",N/C,N/C,N/C,N/C,N/C,,,X,
,MET,,,W9521,,,,,,,,Guest Dosing - Bup,SUD,,"11, 31, 32, 50, 57, 71, 72",No,No,No,Yes,Yes,Yes,Yes,Yes,No,No,No,No,No,N/C,N/C,N/C,"No
Yes for Day 30+","No
Yes for Day 30+","No
Yes for Day 30+","No
Yes for Day 30+","No
Yes for Day 30+",N/C,N/C,N/C,N/C,N/C,,,X,
,MET,,,W9521,GT,,,,,,,Guest Dosing - Bup - Telehealth,SUD,,"11, 31, 32, 50, 57, 71, 72",No,No,No,Yes,Yes,Yes,Yes,Yes,No,No,No,No,No,N/C,N/C,N/C,"No
Yes for Day 30+","No
Yes for Day 30+","No
Yes for Day 30+","No
Yes for Day 30+","No
Yes for Day 30+",N/C,N/C,N/C,N/C,N/C,,,X,
,MET,,,W9521,UB,,,,,,,Guest Dosing - Bup,SUD,,"11, 31, 32, 50, 57, 71, 72",No,No,No,Yes,Yes,Yes,Yes,Yes,No,No,No,No,No,N/C,N/C,N/C,"No
Yes for Day 30+","No
Yes for Day 30+","No
Yes for Day 30+","No
Yes for Day 30+","No
Yes for Day 30+",N/C,N/C,N/C,N/C,N/C,,,X,
BH Crisis Stabilization Center (BHSCS),CIN,,,S9485,,,,,,,,Crisis Intervention Mental Health Services,MH/SUD,,"11, 53",No,No,No,Yes,Yes,Yes,Yes,Yes,No,Yes,No,No,No,N/C,N/C,N/C,No,No,No,No,No,N/C,No,N/C,N/C,N/C,Not required,,X,
,CEM,,,99202,UC,,,,,,,Evaluation and Management during Crisis Stabilization,MH/SUD,,"11, 53",No,No,No,Yes,Yes,Yes,Yes,Yes,No,Yes,No,No,No,N/C,N/C,N/C,No,No,No,No,No,N/C,No,N/C,N/C,N/C,Not required,,X,
,CEM,,,99202,UC,GT,,,,,,Evaluation and Management during Crisis Stabilization,MH/SUD,,"11, 53",No,No,No,Yes,Yes,Yes,Yes,Yes,No,Yes,No,No,No,N/C,N/C,N/C,No,No,No,No,No,N/C,No,N/C,N/C,N/C,Not required,,X,
,CEM,,,99202,UC,UB ,,,,,,Evaluation and Management during Crisis Stabilization,MH/SUD,,"11, 53",No,No,No,Yes,Yes,Yes,Yes,Yes,No,Yes,No,No,No,N/C,N/C,N/C,No,No,No,No,No,N/C,No,N/C,N/C,N/C,Not required,,X,
,CEM,,,99203,UC,,,,,,,Evaluation and Management during Crisis Stabilization,MH/SUD,,"11, 53",No,No,No,Yes,Yes,Yes,Yes,Yes,No,Yes,No,No,No,N/C,N/C,N/C,No,No,No,No,No,N/C,No,N/C,N/C,N/C,Not required,,X,
,CEM,,,99203,UC,GT,,,,,,Evaluation and Management during Crisis Stabilization,MH/SUD,,"11, 53",No,No,No,Yes,Yes,Yes,Yes,Yes,No,Yes,No,No,No,N/C,N/C,N/C,No,No,No,No,No,N/C,No,N/C,N/C,N/C,Not required,,X,
,CEM,,,99203,UC,UB,,,,,,Evaluation and Management during Crisis Stabilization,MH/SUD,,"11, 53",No,No,No,Yes,Yes,Yes,Yes,Yes,No,Yes,No,No,No,N/C,N/C,N/C,No,No,No,No,No,N/C,No,N/C,N/C,N/C,Not required,,X,
,CEM,,,99204,UC,,,,,,,Evaluation and Management during Crisis Stabilization,MH/SUD,,"11, 53",No,No,No,Yes,Yes,Yes,Yes,Yes,No,Yes,No,No,No,N/C,N/C,N/C,No,No,No,No,No,N/C,No,N/C,N/C,N/C,Not required,,X,
,CEM,,,99204,UC,GT,,,,,,Evaluation and Management during Crisis Stabilization,MH/SUD,,"11, 53",No,No,No,Yes,Yes,Yes,Yes,Yes,No,Yes,No,No,No,N/C,N/C,N/C,No,No,No,No,No,N/C,No,N/C,N/C,N/C,Not required,,X,
,CEM,,,99204,UC,UB,,,,,,Evaluation and Management during Crisis Stabilization,MH/SUD,,"11, 53",No,No,No,Yes,Yes,Yes,Yes,Yes,No,Yes,No,No,No,N/C,N/C,N/C,No,No,No,No,No,N/C,No,N/C,N/C,N/C,Not required,,X,
,CEM,,,99205,UC,,,,,,,Evaluation and Management during Crisis Stabilization,MH/SUD,,"11, 53",No,No,No,Yes,Yes,Yes,Yes,Yes,No,Yes,No,No,No,N/C,N/C,N/C,No,No,No,No,No,N/C,No,N/C,N/C,N/C,Not required,,X,
,CEM,,,99205,UC,GT,,,,,,Evaluation and Management during Crisis Stabilization,MH/SUD,,"11, 53",No,No,No,Yes,Yes,Yes,Yes,Yes,No,Yes,No,No,No,N/C,N/C,N/C,No,No,No,No,No,N/C,No,N/C,N/C,N/C,Not required,,X,
,CEM,,,99205,UC,UB,,,,,,Evaluation and Management during Crisis Stabilization,MH/SUD,,"11, 53",No,No,No,Yes,Yes,Yes,Yes,Yes,No,Yes,No,No,No,N/C,N/C,N/C,No,No,No,No,No,N/C,No,N/C,N/C,N/C,Not required,,X,
,CEM,,,99211,UC,,,,,,,Evaluation and Management during Crisis Stabilization,MH/SUD,,"11, 53",No,No,No,Yes,Yes,Yes,Yes,Yes,No,Yes,No,No,No,N/C,N/C,N/C,No,No,No,No,No,N/C,No,N/C,N/C,N/C,Not required,,X,
,CEM,,,99211,UC,GT,,,,,,Evaluation and Management during Crisis Stabilization,MH/SUD,,"11, 53",No,No,No,Yes,Yes,Yes,Yes,Yes,No,Yes,No,No,No,N/C,N/C,N/C,No,No,No,No,No,N/C,No,N/C,N/C,N/C,Not required,,X,
,CEM,,,99211,UC,UB,,,,,,Evaluation and Management during Crisis Stabilization,MH/SUD,,"11, 53",No,No,No,Yes,Yes,Yes,Yes,Yes,No,Yes,No,No,No,N/C,N/C,N/C,No,No,No,No,No,N/C,No,N/C,N/C,N/C,Not required,,X,
,CEM,,,99212,UC,,,,,,,Evaluation and Management during Crisis Stabilization,MH/SUD,,"11, 53",No,No,No,Yes,Yes,Yes,Yes,Yes,No,Yes,No,No,No,N/C,N/C,N/C,No,No,No,No,No,N/C,No,N/C,N/C,N/C,Not required,,X,
,CEM,,,99212,UC,GT,,,,,,Evaluation and Management during Crisis Stabilization,MH/SUD,,"11, 53",No,No,No,Yes,Yes,Yes,Yes,Yes,No,Yes,No,No,No,N/C,N/C,N/C,No,No,No,No,No,N/C,No,N/C,N/C,N/C,Not required,,X,
,CEM,,,99212,UC,UB,,,,,,Evaluation and Management during Crisis Stabilization,MH/SUD,,"11, 53",No,No,No,Yes,Yes,Yes,Yes,Yes,No,Yes,No,No,No,N/C,N/C,N/C,No,No,No,No,No,N/C,No,N/C,N/C,N/C,Not required,,X,
,CEM,,,99213,UC,,,,,,,Evaluation and Management during Crisis Stabilization,MH/SUD,,"11, 53",No,No,No,Yes,Yes,Yes,Yes,Yes,No,Yes,No,No,No,N/C,N/C,N/C,No,No,No,No,No,N/C,No,N/C,N/C,N/C,Not required,,X,
,CEM,,,99213,UC,GT,,,,,,Evaluation and Management during Crisis Stabilization,MH/SUD,,"11, 53",No,No,No,Yes,Yes,Yes,Yes,Yes,No,Yes,No,No,No,N/C,N/C,N/C,No,No,No,No,No,N/C,No,N/C,N/C,N/C,Not required,,X,
,CEM,,,99213,UC,UB,,,,,,Evaluation and Management during Crisis Stabilization,MH/SUD,,"11, 53",No,No,No,Yes,Yes,Yes,Yes,Yes,No,Yes,No,No,No,N/C,N/C,N/C,No,No,No,No,No,N/C,No,N/C,N/C,N/C,Not required,,X,
,CEM,,,99214,UC,,,,,,,Evaluation and Management during Crisis Stabilization,MH/SUD,,"11, 53",No,No,No,Yes,Yes,Yes,Yes,Yes,No,Yes,No,No,No,N/C,N/C,N/C,No,No,No,No,No,N/C,No,N/C,N/C,N/C,Not required,,X,
,CEM,,,99214,UC,GT,,,,,,Evaluation and Management during Crisis Stabilization,MH/SUD,,"11, 53",No,No,No,Yes,Yes,Yes,Yes,Yes,No,Yes,No,No,No,N/C,N/C,N/C,No,No,No,No,No,N/C,No,N/C,N/C,N/C,Not required,,X,
,CEM,,,99214,UC,UB,,,,,,Evaluation and Management during Crisis Stabilization,MH/SUD,,"11, 53",No,No,No,Yes,Yes,Yes,Yes,Yes,No,Yes,No,No,No,N/C,N/C,N/C,No,No,No,No,No,N/C,No,N/C,N/C,N/C,Not required,,X,
,CEM,,,99215,UC,,,,,,,Evaluation and Management during Crisis Stabilization,MH/SUD,,"11, 53",No,No,No,Yes,Yes,Yes,Yes,Yes,No,Yes,No,No,No,N/C,N/C,N/C,No,No,No,No,No,N/C,No,N/C,N/C,N/C,Not required,,X,
,CEM,,,99215,UC,GT,,,,,,Evaluation and Management during Crisis Stabilization,MH/SUD,,"11, 53",No,No,No,Yes,Yes,Yes,Yes,Yes,No,Yes,No,No,No,N/C,N/C,N/C,No,No,No,No,No,N/C,No,N/C,N/C,N/C,Not required,,X,
,CEM,,,99215,UC,UB,,,,,,Evaluation and Management during Crisis Stabilization,MH/SUD,,"11, 53",No,No,No,Yes,Yes,Yes,Yes,Yes,No,Yes,No,No,No,N/C,N/C,N/C,No,No,No,No,No,N/C,No,N/C,N/C,N/C,Not required,,X,
"Immediate Initial Intervention (3i)
",III,7/1/2026,,0919,,,,,,,,"Pilot for Kennedy Krieger Institute - 3i Model is a web-based service delivery model targeted to parents of children aged 3-10 years old that are seeking behavioral health treatment for a variety of prevalent behavior problems that are not considered highly dangerous (e.g., self-injury or suicidal ideation). The parent(s) engage with assigned self-guided online modules, and meet up to three times with a 3i navigator to discuss their progress.",MH,,22,No,No,No,Yes,No,No,No,No,No,No,No,No,No,N/C,N/C,N/C,Yes,N/C,N/C,N/C,N/C,N/C,N/C,N/C,N/C,N/C,Carelon BH,X,,
,,,, ,,,,,,,,,,,,,,,,,,,,,,,,,,,,,,,,,,,,,,,,,